project,bug,fixed_commit_date,fixed_revision
Chart,1,1265750629,2266
Chart,2,1253080165,2242
Chart,3,1251752058,2227
Chart,4,1246299523,2183
Chart,5,1227518376,1696
Chart,6,1213692253,1166
Chart,7,1213089731,1087
Chart,8,1213089551,1085
Chart,9,1213088892,1083
Chart,10,1213083149,1065
Chart,11,1212391650,1025
Chart,12,1208526556,852
Chart,13,1207684242,822
Chart,14,1207577799,811
Chart,15,1205959321,749
Chart,16,1203983892,743
Chart,17,1195725016,622
Chart,18,1195724776,621
Chart,19,1193316984,434
Chart,20,1191836394,283
Chart,21,1191418083,231
Chart,22,1191409098,227
Chart,23,1190993333,210
Chart,24,1190815252,190
Chart,25,1188301989,164
Chart,26,1183719832,103
Compress,1,1238063805,004124ac5dbf5edbf925078652526267468821e7
Compress,2,1238430675,d09177b98f4e956c1d366110f73c3341ea110bee
Compress,3,1240380323,d170f34fa65e19b604f5a9e04e6ed5f81d35658c
Compress,4,1240381569,6273f3a6b804aa845747c8859d659373b14199e1
Compress,5,1256880557,dc3fc4703211876fb38cccf55adc92ee5cbc28d0
Compress,6,1262856895,5066e9aeb98f386b29a31cd4acb97aa43844cd30
Compress,7,1274107877,2d858d5c7cc30313c9c3c8ef4a5e8d34d67a395e
Compress,8,1275476425,35e4e4fb6848ddfa3878270523f3f9336ae7f9b8
Compress,9,1319372113,fdac1475918e93444b08a024d096b4ec39d6733d
Compress,10,1323099592,347660646cfad588481c13058842d49fa3779f84
Compress,11,1327870610,a933173f486614073b68b6c0a6ef09a9c72c94fc
Compress,12,1329958981,bc84d2083e4b1da77547bb4e810a06553e8f0bed
Compress,13,1330405226,c75c10faae27781aeb51713f42153cad1fd242a4
Compress,14,1330718390,40f2e6380094ebfdc73e4adaf4059b80e1327aad
Compress,15,1338737431,4becc32881aa983d69359b475892a4f2bc6e5b89
Compress,16,1341639040,9bdacbfb9631d3a3710a64f35482c643b78a2e79
Compress,17,1344196275,ab456436d20f386641e605c17de24cc8cd3c1770
Compress,18,1356644075,09b8f6d78e18b927491fc299973146fa74fd977f
Compress,19,1369589795,e860d2f3eb16d84e146a8a700d9dbd3af01df4ba
Compress,20,1375978725,040e42d0f0bebc15ca80cb80fb6db53804b2e082
Compress,21,1387541591,5c2d32b322fa797cf428b35c4c5998173d6403d5
Compress,22,1390224368,71e4eeadcfc5eb390eca1142fc1f6ee5b1b4d5c1
Compress,23,1390367614,cbb5a1ad9b0b80f717ee71dc0fc765afdc1601c0
Compress,24,1392960008,8da377299d085b4ce1f15dbc0732232ea32e601d
Compress,25,1392992472,aed56110ff582b96aecf7675a9cfe5247ffa3e7d
Compress,26,1397322357,557800a53cedad99afc951032a11931f3e39bf13
Compress,27,1397887219,1ea7e01eb6776071eddf60f7783d650ec7d60e74
Compress,28,1398590133,ddb5fd6d8e4d5fa9f7fa659c93fb6eb04f238689
Compress,29,1424128381,d50feb67569fb5881b8a2ff5996f656c5f207c2e
Compress,30,1424449080,5cf68bdc46c7bcc0fc5eb3cacd1c84514ef552cf
Compress,31,1424449845,f8bf45444c49053a92f6f560c5008d5ac43aa27f
Compress,32,1431112287,3c4a09bf28e7cd600b919b8c799fbbfd19a94c0b
Compress,33,1432393543,b72b5c716ac18150396d05988d9eab745bea02b9
Compress,34,1440270092,e6e24766377e705e89358fb9cf6253e2e9e645db
Compress,35,1454703619,7250daa429020181bb5a4c40d1aaa169631b8496
Compress,36,1461496954,d0501577d37b594c3ff59a39ac211f7a1b170fa7
Compress,37,1463761085,19a620c904587dc0397b43bfe9071ff60033c097
Compress,38,1463762530,823cdee9b18508e9e51913d110a20a406f55582b
Compress,39,1465316628,11840dfde044fec90b0cb4a715ce9d213acea3ca
Compress,40,1467401844,52dd5908e374973d69c51856b74d4d93d591c90a
Compress,41,1481320902,f015344879f1bc3505bc616fc7ae517cf9f60838
Compress,42,1484514439,c59fc43c527610ae18d7596eb191817ce674cb29
Compress,43,1495469466,d75b89856ef29bbec6784cd6aa714eafe0eeb312
Compress,44,1497724177,6f379134ae1807cd404ed6c9579707e5dc6a6df0
Compress,45,1497728830,02735ad7e6313515a846bc15bcc89cf254f8161f
Compress,46,1499151092,cd1d329dba95dae161317c123269c24282001a66
Compress,47,1515928370,c66db899cb061c79934986f0efa19a50ca33703f
Lang,1,1374800632,d1a45e9738de5b3e299bb51e987565dcce55fee6
Lang,3,1368958933,8a1042959df80c06dbfa83896594caa8e20ff9d6
Lang,4,1366696841,0cdc976684efcf478397b68c1d54cefc87bb92c9
Lang,5,1357193992,4d46f014fb8ee44386feb5fec52509f35d0e36ea
Lang,6,1353444350,52bcd9b8e82d4d1d287b0d75df1e161aff8c65ab
Lang,7,1352639782,350cf8c2da08ccde6b4d71b19bb3df97256ea368
Lang,8,1348750579,04babff3798680e012646988841bcc710a9e3c54
Lang,9,1348707331,65a6458eaa2e1f88278e4bb5753a68bd825e3a80
Lang,10,1348704555,ad72b9f2bf37bd61af18bde67c1622d90a5d8766
Lang,11,1339332048,4a65cb8da23d6667ac6f91775309b4da9b315d95
Lang,12,1339253914,27bcbcc728434ffb2c45e81c0e75e6a3d6da3441
Lang,13,1330526341,e9429c05e1a4797383fb405928088d2f8563ff97
Lang,14,1327340841,dfa6882a3b9ae6d17c386312ad5e5902d852fb4e
Lang,15,1321574376,c71d0f03dab384f98ef2c0ba0050822fba22a063
Lang,16,1314102772,41326bf5266ecc6472bab28481b77cecd6f7fb5c
Lang,17,1310669391,2c1b5be146585dc8b27aedebca959f92da19094e
Lang,19,1309679733,8914d7f617f78aae8c85405856283c98d4e43990
Lang,20,1309676678,a80f11cf9d02d2517c7f230f24949cbebaafc0c2
Lang,21,1296683715,3e5d5dc9c0a5047152eedb802bc008ce78b8de0c
Lang,22,1295238605,2270d830fda743de1ce8a61e33b9542cb39a0f4b
Lang,23,1294703820,249788d799ca1c3964062bdc5c19a51ecc05c2f7
Lang,24,1293865019,8e2f4ddb9a1ecd7a1bf7d752c2c891d630287036
Lang,26,1283926197,14a0cc2a9baf84a97348263975082ef3857daf97
Lang,27,1280810464,50c1fdecb4ed33ec1bb0d449f294c299d5369701
Lang,28,1277188458,bef3eb6ed060d5ae14da6ce5a1909675b8cf5650
Lang,29,1275064403,eb79f7c6f37d0d9c4d9252b1020bc19a617a4d23
Lang,30,1268699827,bc52782cd84f4356d2984e1aa01806f81754eb08
Lang,31,1268528043,1ced894df70d66f3a786c2c8cd6e23e0d4263d91
Lang,32,1265512449,1f35e7c99b66b8d46c4ad96558e694a10aa38062
Lang,33,1265405498,8f675dd3cbfb8f552bdbbe1cfc646ba5b367983b
Lang,34,1265320678,a2bb711aee6621b21cdd22e6d7e4bff2f7236235
Lang,35,1263645560,54c0f6ba9e6555146d0dad51bcb5c4ec581e21da
Lang,36,1261464762,26bc3fe010d5154d3ccac526ec22c429fc3af499
Lang,37,1261104621,2f8f67ab2939f1c23f09c8764e04ea2da0479332
Lang,38,1261029868,825481f019e4482e5ea74d5b0b5e5c438535cb68
Lang,39,1260777065,56550bf2779990da78d2bac1d8287c8a693c6e4b
Lang,40,1256190393,711e204e73f24e32acb3727a5d9d3b351b6639d1
Lang,41,1255591892,2dc56182579703153e5c9886b3ecd22bbc348b49
Lang,42,1235940880,c0683957931ffa3df218ff68ca31e257174a6466
Lang,43,1231538714,a38e2e942d622c1a84ed35bedb9aba045db7ab79
Lang,44,1225902805,0d0061f247b9c28b59b1af7e7a10def74718ac94
Lang,45,1210483082,4342bd5d69d122a16c735416039b4b2ca27897ad
Lang,46,1207152501,dd0deed066e728d7b09e5fd69855c5ad7bf6bdb4
Lang,47,1202881486,1fe5439baf32af2114958e3cfc3512bd72c84773
Lang,49,1196353554,673385b43d0d5783039242460ba1c12b3f1f4e92
Lang,50,1193803132,127e6e338f088b82eea1967d31c1abf8d51a364f
Lang,51,1193461665,796b898281af571a510d96487dcd95699ac1e435
Lang,52,1193378934,c22d9d59e5b86c33f91d7fa93d71cdc514c2edd9
Lang,53,1186619099,050fe8e916507c9716983868284d64e58c1b56d2
Lang,54,1178063401,75d931a3264b73caa9cdd7d3373375cc33008ddf
Lang,55,1170802190,b16235ad108c4fcdb7117493394d26d2f0faeace
Lang,56,1167170747,e9e167f9ebc7a73c5847745688ae127ecff6e2b1
Lang,57,1166819677,cf20d13c64da51becd1351befe02a06144fd6fc1
Lang,58,1166565004,15360774099b2a7230e020751acdf6979b6e3f58
Lang,59,1165962879,9b0b19a9162ae8d217b06716962b982703ab4d1b
Lang,60,1162335654,1a158281aa058ee2dc9cfae3b56012a9f92f3b2b
Lang,61,1162332900,8e52e2169b20f7bc3c6c520d4f0c98e5bf06b076
Lang,62,1162330443,d8b6f5b5c6b92adff8965ab634b672e7b333f583
Lang,63,1160180562,1d5c03fac601d6ce291c3fe3e5e51a11881e2fc0
Lang,64,1155939707,07b7795b336b301def8a7dc6059c8e616ce5582e
Lang,65,1153460827,9cbf70d82285d7ebdd190f7cd59f2a9d82a09c61
Math,1,1377978182,86545dab3ed57872ad98b23e46924d67ddad03fc
Math,2,1376096268,f1467e45ab538789090f968f549f88bd0b8c26c7
Math,3,1373628552,91d280b7300b0f601cd76a880c26784a822f96b8
Math,4,1370243700,d270055e874148a2742604be36ab977eec030fba
Math,5,1363978558,724795b5513651e1e34fae3904d1b58229ce9c17
Math,6,1363704690,f83bbc1d68bd457dfccd370afb248126ce031eb6
Math,7,1363702148,424cbd201ca5969181d68cff99d8b9b77a41cefe
Math,8,1362916860,0d057fc6dc9fac9e16c01e3647c2201281310a6a
Math,9,1362560008,73605560b9f0205ac641ec602145756305a41f79
Math,10,1360916411,48dde3784e22e6cf886521e7ae17a327a461688e
Math,11,1358252150,cedf0d27f9e9341a9e9fa8a192735a0c2e11be40
Math,12,1357302524,185e3033ef43527a729c9dda5d57ed0537921a27
Math,13,1356787604,2836a6f9efcd30effe2f1125d47c38f62f96ed09
Math,14,1356786977,b07ecae3d60c4f0233f1a1d97eb35d4a678f39aa
Math,15,1353970949,6844aba987aaf32c85a4eb3fba3f6ccf9d7c8db6
Math,16,1353936327,46ed0af1c2d274d273b1b3ac89e61e62ba98cefa
Math,17,1350836570,5b9302d5be3c35f6336ebb6b7f6cbfe732761d72
Math,18,1348937898,329cf9e8e643160e4da6fd8622aa5a3b3905fb69
Math,19,1348241538,b55e020684e54bd3d339572f1ef3543be360b6eb
Math,20,1348237057,abe53a537b4d19a878e8de3735393e0c4e85aa7e
Math,21,1347549183,621bbb8fc7ef562d86e18bbc28c5d4f25a68b442
Math,22,1347142532,66dece126a7a3130cc79b44e0527b8b5eea41bcc
Math,23,1347032620,ac597cc1720cd06840486b309b6deefb09123982
Math,24,1346854964,350f726ce591004a795c3a241540887e79c3c7bc
Math,25,1345149839,7994d3ee9d49098dcffb0c5470714076305e38cf
Math,26,1343856267,d7c0f27e9fac104f613dcb672c243d3dc7eaf655
Math,27,1343746681,63a48705a496bf2506121dcddbd8cac2a78f877c
Math,28,1343677068,a49e443c44766df45d254e13bea377d4133f5ee6
Math,29,1339393936,069590396c90a47773dce88316d3eca2c7862a14
Math,30,1339153451,33169dcf75724f6190b5c14148553b52899936e0
Math,31,1337630130,3a08bfa6d8f4260c133d2b0054c0e4cad592b03c
Math,32,1336924316,dd6cefb0ccb596d0597e2a9991766e109153ab25
Math,33,1335983317,3c4cb189cc91c5ca78cab3ba95dc82bee715d39a
Math,34,1334255573,ebadb558aaac32dd82e1355a915d42c521a3e740
Math,35,1333392402,b9ca51f09f38e5a4d73bcdafd09080c91670379c
Math,36,1329225417,8a83581eaf0fb46000ffe3093b8b4152dcc18b91
Math,37,1327647619,95d15eff45cfcf40871d950c8ffecba2d95d63f9
Math,38,1324387829,0093f7b0a2a9e06ec5b5e1e551676269171c3e3d
Math,39,1324140925,d277738885e78a9339f12ebf10c3c26eb538c1cf
Math,40,1322781876,faa7785779c79578e38336853cb9de5abfae4813
Math,41,1322634244,3f645310b52358ebdd36e8afa0f8ee98aadfabdd
Math,42,1322511388,f656676e3a9a9611c368d1da462ed0ce5c93308d
Math,43,1322371209,118f0cc0856afa4c61113fe5a742d11bc35a34d1
Math,44,1319620102,7980a24266d463bacc8f1271a83865a7d5638891
Math,45,1318276563,5e6389761c6575f815a5ac91a22c4ecc48596729
Math,46,1315077762,97b440fc8e6ce8129bc2c32f23ac4d43a5d012fa
Math,47,1315004701,32b0f7336b7627bc6e471a1091dfb2712b613eee
Math,48,1314961799,c0b4954297ce01b64487c09a1dcfcc0124f7053b
Math,49,1313259013,6983d81680483705c0e2cf4d62b15feba4e6e3ab
Math,50,1313167706,ebc61de97f41e6beabb07c8418dc1ab2cf5e5ce3
Math,51,1312669615,334c01e6eba6ef9ce263577f63f2094fc98c2c81
Math,52,1312556733,8b41800046f1d336865b48ea4bc65522ebb3e6ea
Math,53,1310623685,2123f7805b1b7aa7f6651f96342e7ef188ff763e
Math,54,1304624488,ec6dbad43a1f82f61ec6dbd43fd7766e92762e52
Math,55,1301841209,fbbb96eb1784f1e7f8ac1ffc5c66fffa227206b2
Math,56,1301652618,368f17d194d3d03c73cc459f1af6fcc1a1b7d598
Math,57,1300191302,b6bf8f418ade5fc981f66109c0a2e5af512ac9c0
Math,58,1298418646,26a610776cefacb898994e8e4ea493b6b1263022
Math,59,1295294101,6d6649ef6932053a9cb1854cec65b60b1e445999
Math,60,1291118122,5fe9b36c454f8a38416a96455da6ffeadbbe8a37
Math,61,1285455994,4cc9a49db12026d043824fbad036918189b43fe8
Math,62,1285243916,51aa6e6ca29a8265784c037bc3a42455329ee4ab
Math,63,1283348755,495f04bcda902b73118cc6b30afd36465762b259
Math,64,1281534039,784e4f69ec67d511a0620a2b030688f186ebb959
Math,65,1280998080,c640932de203b33683679879cdf4b1b637d473d3
Math,66,1280318621,962315ba9322bb96d5b1941c4272501cc7cc050e
Math,67,1280060983,d4b02f6a3a90cb468731d6156d571d284bd070b1
Math,68,1275156950,24218a5278ca3d99c209efc990d16048e29c8536
Math,69,1274053687,bb005b56ca0739c4c212804ba7a483c8164e78f1
Math,70,1272912147,f4a4464beea8118386b84bace4b08e6c16443dab
Math,71,1269468711,061f50175cf7047856a934f9a827dbe6fd818334
Math,72,1266959365,a0b4b4b79865987b93cea23a9a81a63d6a020351
Math,73,1266958898,f6dd42b4fc01d1bef5392b6f19b6bcbafee27637
Math,74,1264690915,8dd2239074e3e1bbadc9f6ce55cd2c2b02a7c9fc
Math,75,1263672077,6dd3724b9b5e29a9bd9f404d28d0cf6d43ccfe95
Math,76,1262281936,b2f3f6db411099f91a5436a4f88344ccc1f8d166
Math,77,1262089498,ce185345fa26d4f96979cbebfbb0e9def817305f
Math,78,1260140695,f7c0b403d2585912e40b471cf83ac1d72cdd459b
Math,79,1259358338,ef9b639afc3dd8d1c35eab23cc9cb6b3a6a2c858
Math,80,1257520317,83f18d5299fbadf91ec792c95ee96bcd916ca9af
Math,81,1257285848,c78a0e3b003ac36d57a3c895fc8240ef66546a56
Math,82,1251223633,38983e820763c882e778c7d5c68b673fb45a210e
Math,83,1250896062,dbdff0758b40601238e88b2cffbf7ceb58ed8977
Math,84,1250277807,8fe6a83eb60b7b16cac065b68e60c637d64d5932
Math,85,1246958386,b9d8c68e2f5f7f3a13773140a7ee4bf62972f17c
Math,86,1244146049,6b547ba222e6d70b0351cfd354e1d3497da9e24f
Math,87,1244019968,59434c2dce49e0104b4c7d51b7502e4eae7d2773
Math,88,1243971450,ed813abf79e11a2c7ab7f2368acf8f3174db80e5
Math,89,1239975886,392e2c455c04985e9e55257ad04951307ffddb38
Math,90,1239975299,aa13ac4d77bed5c1c8b8394ea92c48aeb75277d0
Math,91,1238345508,99b46033f5ac900f7771305f6f0b0fe8c259e318
Math,92,1232409122,944446a1a8a3004ddd81298e0e922e4d47b99997
Math,93,1232394181,e4886c0a39944ba9fb7a2175cb2d1026747910e1
Math,94,1232147192,dabf3a5beb9ab697d570154b9961078a8586c787
Math,95,1222458673,dbd8ffb54f72f45acc644f1f16709dd549d0cfc9
Math,96,1220024782,94cf29c4e3b6a7f37ad9d85ba572409691ed7f23
Math,97,1214228806,f11d7217fd977897eb3ef6c443770795f947599c
Math,98,1213729776,6f4e48d42aa880e7ba49ff651aa701313e1aec31
Math,99,1235224465,8bf548c5e83e067503d10f304d9f855ced1a449c
Math,100,1206734814,2c443ab8b0efce5485f63eed62213091a188c993
Math,101,1206274979,cd5f65c4c7bd17d81ecb3924f444f2078a3ff580
Math,102,1199855760,a3dc59a94da24e46c252453f08c4b4b4a91c3ce7
Math,103,1185071588,b8b6c66e1caceb44ce7250c999e63a12659a45e4
Math,104,1182378244,35414bc4f4ef03ef12e99c027398e5dc84682a9e
Math,105,1152162649,075008dcd42adcc6924d048a376e611f9219e52b
Math,106,1149476812,9ebfb870a2edb2fbf2741928efc53c2deb352e90
Mockito,1,1433405626,4e9d7607825c3c668fd43f19507bfead566c528c
Mockito,2,1431112126,80452c7a42777513c35fd30c4e12bcd7ee438fb9
Mockito,3,1433405954,3eec7451d6c83c280743c39b39c77a179abb30f9
Mockito,4,1429462225,42b391d4209024292b6101048389570e4ec36b2a
Mockito,5,1421785440,42a24dde02923185db3f79ae57e7819f7d70af55
Mockito,6,1420206686,dc205824dbc289acbcde919e430176ad72da847f
Mockito,7,1420043944,0aaa36ce6924ca87f88e3723771413b42b80dc5a
Mockito,8,1419890387,5a03bf5d0c9aedac9cfbf074833167c1eca6439f
Mockito,9,1416690809,31f908029b8cd9b1f32bed3a41651b30ebb47b9f
Mockito,10,1412901883,1beeae39ac9f79d6a0db285dec311b78025ac062
Mockito,11,1411740107,1802cf79c482f2df29abb3d6735bcf0b16cedb7d
Mockito,12,1274026860,7a647a702c8af81ccf5d37b09c11529c6c0cb1b7
Mockito,13,1273604507,2037361bea014c9ac87393eb96a95374dff46182
Mockito,14,1268857101,9b2cf8072ece7c7629eff6037853b3e14ab5f524
Mockito,15,1288784201,81a380951402d2a158af115ed616ab36e94793b8
Mockito,16,1258900532,620f8faed0ad132961aae3a8671120e0929ce828
Mockito,17,1258844692,77cb2037314dd024eb53ffe2e9e06304088a2d53
Mockito,18,1433344581,8ceb04ad7317d8db24476b3b5f56ec9f658bc43a
Mockito,19,1433285532,110ffa80070bf54ab8efabdaaa27b193a93d6128
Mockito,20,1424041852,7616cd17d5e1dc7c3dee080c6969183821d4797a
Mockito,21,1416181323,8912aa176ea8414c2fc57df0d9b030b918630e9f
Mockito,22,1397311773,d0c872e4b0837aef1e1635bf5f15d33c3d8d9698
Mockito,23,1389893873,82935114a09390cbab0c6b6df9b6fd6788bf55d9
Mockito,24,1389215623,c17169c2cbb0b3d055d64ec2c4859122ca919c42
Mockito,25,1351194598,a6ccf070a267e0a165b8efaaefa8938e787bb6a0
Mockito,26,1341061591,af44738c7de74f24e37ea0c1242e73b07c3f4362
Mockito,27,1317481790,a8ec4fa290bc1cdde060218d6bb811ac1fa6da6f
Mockito,28,1292872266,0464f5657dc8c76a4ff209a2cf7fd6312885cdc3
Mockito,29,1290099254,918f0a5aed6454b307004b6c9c86afc8e96353ff
Mockito,30,1288990532,3c924f80a4db3692a13341f0da4517052ab77a2a
Mockito,31,1288989226,62b6bdf44baeee172b2b1684835fb995bad2a47d
Mockito,32,1283451783,4f7060cc54bb50292ccfbf3b9fca27f0282abf51
Mockito,33,1277184733,5cb37751c0aba81d025dc5fe4f2f9a3bf86cc958
Mockito,34,1260563444,e8cebe01abae49a09aadd6a26c6f7e2f90e5e772
Mockito,35,1257806166,27a2f515197d4688c4df82afb791bf8ce20a5504
Mockito,36,1257710870,84c142f56fe971ed52ecfe42b42bc0aa7bef8354
Mockito,37,1257708745,c0222c2dbfbd2b053961a46e4c2a3973aec55a75
Mockito,38,1247138638,c1f2c4e6b5bab4cfc004f22999e11e8ac140d377
Time,1,1386018707,9a62b06be5d0df8e833ff8583398cca386608cac
Time,2,1386011681,8612f9e5b88c1bea933ef9ab1e431f5db3006b48
Time,3,1385555795,8d109fe1a999a11b4557536dd96f9210460a5936
Time,4,1385555795,3ba9ba799b3261b7332a467a88be142c83b298fd
Time,5,1383314819,a6cb59ed2280ab0a32995fa8b5f1a7b0d47cb815
Time,6,1376660478,28aeba952e838fb12c9b934ce6ef65658e45d7b2
Time,7,1374365577,1adb1e69863dcd1ff282692bf1452c422528eeb9
Time,8,1374317361,362ed1787724cda3ded37de2b0aa0f13adf0a66e
Time,9,1374317361,96f586cb8dac7eee62e9be519a3eab125c47bb23
Time,10,1371378506,3a413d7844c22dc6ddd50bf5d0d55ff3589e47ac
Time,11,1366382097,57eb4cbb9044771cd46a9eee0c62016618930226
Time,12,1354020086,77a6b3a44da7ae4af62e88b4b27eeefec2d768c2
Time,13,1346670013,5d08a1cdbfa6ce86a0baf637493c464e91e91968
Time,14,1337773541,2ea856328ed5710537778d755a5ff52a6831a2ee
Time,15,1335785238,0cefc4c212e92e5dccdfa658785c419483317558
Time,16,1335784477,706513d59425e7a9dc6bdb972f25b03b02e48558
Time,17,1328188176,a8913f5ad5dfde59263c981c9e9eb28e43fd2e00
Time,18,1323000635,b609d7d66d180f2eb537b27f5d605d0596e096ce
Time,19,1319411781,82c5e4f9550e4df36e07b66f35f7c3e9d7eb5eba
Time,20,1319371674,a92450e88df85d6b7a0fa53517da46286c24f53f
Time,22,1301617379,57c8aaf94b95323c295dcfec5f40f181846164e7
Time,23,1301615198,14dedcbc04682c1b1b6c5ebe91bc930b79eeb572
Time,24,1297781631,d50efdf75a8daeced88d79b168f68d189fb87e13
Time,25,1291592598,552be4b677ec30a34d04d234395ba1a8c7beaacf
Time,26,1291584456,c7a581e55fc988bd90fa4bb1b0acece5181b7c5f
Time,27,1288221342,e0559c503f65641b9546c37e7c84c866caf37e66
