project,bug,status,reason,n_tests,n_triggers_expected,n_triggers_labeled
Chart,1,ok,,436,1,1
Chart,2,ok,,555,2,2
Chart,3,ok,,86,1,1
Chart,4,ok,,431,22,22
Chart,5,ok,,292,1,1
Chart,6,ok,,486,2,2
Chart,7,ok,,16,1,1
Chart,8,ok,,23,1,1
Chart,9,ok,,64,1,1
Chart,10,ok,,1,1,1
Chart,11,ok,,543,1,1
Chart,12,ok,,201,1,1
Chart,13,ok,,195,1,1
Chart,14,ok,,519,4,4
Chart,15,ok,,199,1,1
Chart,16,ok,,25,8,8
Chart,17,ok,,60,1,1
Chart,18,ok,,327,4,4
Chart,19,ok,,366,2,2
Chart,20,ok,,296,1,1
Chart,21,ok,,17,1,1
Chart,22,ok,,51,6,6
Chart,23,ok,,5,1,1
Chart,24,ok,,15,1,1
Chart,25,ok,,9,4,4
Chart,26,ok,,543,22,22
Compress,1,ok,,26,1,1
Compress,2,ok,,53,1,1
Compress,3,ok,,82,1,1
Compress,4,ok,,83,10,10
Compress,5,ok,,101,1,1
Compress,6,ok,,80,1,1
Compress,7,ok,,61,1,1
Compress,8,ok,,63,1,1
Compress,9,ok,,138,1,1
Compress,10,ok,,35,1,1
Compress,11,ok,,157,1,1
Compress,12,ok,,164,1,1
Compress,13,ok,,103,2,2
Compress,14,ok,,85,1,1
Compress,15,ok,,104,1,1
Compress,16,ok,,165,1,1
Compress,17,ok,,102,1,1
Compress,18,ok,,174,1,1
Compress,19,ok,,135,1,1
Compress,20,ok,,184,1,1
Compress,21,ok,,15,8,8
Compress,22,ok,,55,1,1
Compress,23,ok,,25,1,1
Compress,24,ok,,123,1,1
Compress,25,ok,,247,1,1
Compress,26,ok,,264,2,2
Compress,27,ok,,127,1,1
Compress,28,ok,,275,1,1
Compress,29,ok,,304,3,3
Compress,30,ok,,93,1,1
Compress,31,ok,,136,2,2
Compress,32,ok,,292,1,1
Compress,33,ok,,42,1,1
Compress,34,ok,,149,1,1
Compress,35,ok,,140,1,1
Compress,36,ok,,103,1,1
Compress,37,ok,,301,1,1
Compress,38,ok,,129,1,1
Compress,39,ok,,160,1,1
Compress,40,ok,,50,2,2
Compress,41,ok,,308,2,2
Compress,42,ok,,169,1,1
Compress,43,ok,,422,1,1
Compress,44,ok,,54,3,3
Compress,45,ok,,146,1,1
Compress,46,ok,,177,1,1
Compress,47,ok,,399,1,1
Lang,1,ok,,173,1,1
Lang,3,ok,,172,1,1
Lang,4,ok,,137,1,1
Lang,5,ok,,13,1,1
Lang,6,ok,,142,1,1
Lang,7,ok,,166,1,1
Lang,8,ok,,154,2,2
Lang,9,ok,,165,2,2
Lang,10,ok,,163,2,2
Lang,11,ok,,11,1,1
Lang,12,ok,,10,2,2
Lang,13,ok,,208,1,1
Lang,14,ok,,834,1,1
Lang,15,ok,,10,2,2
Lang,16,ok,,164,1,1
Lang,17,ok,,45,1,1
Lang,19,ok,,32,2,2
Lang,20,ok,,585,2,2
Lang,21,ok,,116,1,1
Lang,22,ok,,25,2,2
Lang,23,ok,,8,1,1
Lang,24,ok,,110,1,1
Lang,26,ok,,93,1,1
Lang,27,ok,,110,1,1
Lang,28,ok,,20,1,1
Lang,29,ok,,636,1,1
Lang,30,ok,,582,10,10
Lang,31,ok,,571,2,2
Lang,32,ok,,44,1,1
Lang,33,ok,,255,1,1
Lang,34,ok,,344,27,27
Lang,35,ok,,794,1,1
Lang,36,ok,,110,2,2
Lang,37,ok,,657,1,1
Lang,38,ok,,59,1,1
Lang,39,ok,,523,1,1
Lang,40,ok,,516,1,1
Lang,41,ok,,241,2,2
Lang,42,ok,,54,1,1
Lang,43,ok,,7,1,1
Lang,44,ok,,20,1,1
Lang,45,ok,,82,1,1
Lang,46,ok,,87,1,1
Lang,47,ok,,206,2,2
Lang,49,ok,,25,1,1
Lang,50,ok,,35,2,2
Lang,51,ok,,190,1,1
Lang,52,ok,,74,1,1
Lang,53,ok,,31,1,1
Lang,54,ok,,12,1,1
Lang,55,ok,,6,1,1
Lang,56,ok,,33,1,1
Lang,57,ok,,11,11,11
Lang,58,ok,,256,1,1
Lang,59,ok,,186,1,1
Lang,60,ok,,185,1,1
Lang,61,ok,,184,2,2
Lang,62,ok,,47,1,1
Lang,63,ok,,16,1,1
Lang,64,ok,,75,1,1
Lang,65,ok,,30,1,1
Math,1,ok,,313,2,2
Math,2,ok,,16,1,1
Math,3,ok,,2152,1,1
Math,4,ok,,52,2,2
Math,5,ok,,255,1,1
Math,6,ok,,230,28,28
Math,7,ok,,169,1,1
Math,8,ok,,22,1,1
Math,9,ok,,35,1,1
Math,10,ok,,368,1,1
Math,11,ok,,10,1,1
Math,12,ok,,705,3,3
Math,13,ok,,88,1,1
Math,14,ok,,92,1,1
Math,15,ok,,3000,1,1
Math,16,ok,,2998,2,2
Math,17,ok,,87,1,1
Math,18,ok,,26,1,1
Math,19,ok,,25,1,1
Math,20,ok,,24,1,1
Math,21,ok,,24,2,2
Math,22,ok,,98,2,2
Math,23,ok,,17,1,1
Math,24,ok,,16,1,1
Math,25,ok,,7,1,1
Math,26,ok,,213,1,1
Math,27,ok,,213,1,1
Math,28,ok,,26,1,1
Math,29,ok,,78,3,3
Math,30,ok,,3,1,1
Math,31,ok,,317,2,2
Math,32,ok,,23,1,1
Math,33,ok,,28,1,1
Math,34,ok,,24,1,1
Math,35,ok,,12,4,4
Math,36,ok,,94,2,2
Math,37,ok,,264,4,4
Math,38,ok,,19,1,1
Math,39,ok,,69,1,1
Math,40,ok,,90,1,1
Math,41,ok,,236,1,1
Math,42,ok,,27,1,1
Math,43,ok,,78,6,6
Math,44,ok,,164,1,1
Math,45,ok,,461,1,1
Math,46,ok,,199,2,2
Math,47,ok,,199,2,2
Math,48,ok,,36,1,1
Math,49,ok,,35,1,1
Math,50,ok,,36,1,1
Math,51,ok,,36,1,1
Math,52,ok,,28,1,1
Math,53,ok,,179,1,1
Math,54,ok,,63,1,1
Math,55,ok,,88,1,1
Math,56,ok,,5,1,1
Math,57,ok,,4,1,1
Math,58,ok,,8,1,1
Math,59,ok,,1726,1,1
Math,60,ok,,26,1,1
Math,61,ok,,12,1,1
Math,62,ok,,2,1,1
Math,63,ok,,907,1,1
Math,64,ok,,57,2,2
Math,65,ok,,77,1,1
Math,66,ok,,10,4,4
Math,67,ok,,2,1,1
Math,68,ok,,44,2,2
Math,69,ok,,17,2,2
Math,70,ok,,16,1,1
Math,71,ok,,116,2,2
Math,72,ok,,215,1,1
Math,73,ok,,215,1,1
Math,74,ok,,56,1,1
Math,75,ok,,8,1,1
Math,76,ok,,17,2,2
Math,77,ok,,346,2,2
Math,78,ok,,118,1,1
Math,79,ok,,866,1,1
Math,80,ok,,36,1,1
Math,81,ok,,35,1,1
Math,82,ok,,14,1,1
Math,83,ok,,17,1,1
Math,84,ok,,5,2,2
Math,85,ok,,93,1,1
Math,86,ok,,12,2,2
Math,87,ok,,16,1,1
Math,88,ok,,15,1,1
Math,89,ok,,7,1,1
Math,90,ok,,7,1,1
Math,91,ok,,62,1,1
Math,92,ok,,548,1,1
Math,93,ok,,547,1,1
Math,94,ok,,547,1,1
Math,95,ok,,23,1,1
Math,96,ok,,171,1,1
Math,97,ok,,130,1,1
Math,98,ok,,133,2,2
Math,99,ok,,561,2,2
Math,100,ok,,48,1,1
Math,101,ok,,70,2,2
Math,102,ok,,30,6,6
Math,103,ok,,20,1,1
Math,104,ok,,134,1,1
Math,105,ok,,9,1,1
Math,106,ok,,16,1,1
Mockito,1,ok,,960,26,26
Mockito,2,ok,,30,3,3
Mockito,3,ok,,960,9,9
Mockito,4,ok,,1311,4,4
Mockito,5,ok,,25,1,1
Mockito,6,ok,,1086,7,7
Mockito,7,ok,,46,1,1
Mockito,8,ok,,45,1,1
Mockito,9,ok,,1101,3,3
Mockito,10,ok,,1080,1,1
Mockito,11,ok,,898,2,2
Mockito,12,ok,,20,10,10
Mockito,13,ok,,739,1,1
Mockito,14,ok,,732,1,1
Mockito,15,ok,,23,1,1
Mockito,16,falhou,compilação: Running ant (compile)...................................................... FAIL; BUILD FAILED; Cannot compile sources! at /defects4j/framework/bin/d4j/d4j-compile line 82.,0,0,0
Mockito,17,falhou,compilação: Running ant (compile)...................................................... FAIL; BUILD FAILED; Cannot compile sources! at /defects4j/framework/bin/d4j/d4j-compile line 82.,0,0,0
Mockito,18,ok,,1107,1,1
Mockito,19,ok,,1178,1,1
Mockito,20,ok,,1304,8,8
Mockito,21,ok,,17,1,1
Mockito,22,ok,,564,1,1
Mockito,23,ok,,1050,1,1
Mockito,24,ok,,1051,2,2
Mockito,25,ok,,1029,6,6
Mockito,26,ok,,765,4,4
Mockito,27,ok,,1088,1,1
Mockito,28,ok,,29,1,1
Mockito,29,ok,,58,1,1
Mockito,30,ok,,982,1,1
Mockito,31,ok,,782,1,1
Mockito,32,ok,,955,1,1
Mockito,33,ok,,684,2,2
Mockito,34,falhou,compilação: Running ant (compile)...................................................... FAIL; BUILD FAILED; Cannot compile sources! at /defects4j/framework/bin/d4j/d4j-compile line 82.,0,0,0
Mockito,35,falhou,compilação: Running ant (compile)...................................................... FAIL; BUILD FAILED; Cannot compile sources! at /defects4j/framework/bin/d4j/d4j-compile line 82.,0,0,0
Mockito,36,falhou,compilação: Running ant (compile)...................................................... FAIL; BUILD FAILED; Cannot compile sources! at /defects4j/framework/bin/d4j/d4j-compile line 82.,0,0,0
Mockito,37,falhou,compilação: Running ant (compile)...................................................... FAIL; BUILD FAILED; Cannot compile sources! at /defects4j/framework/bin/d4j/d4j-compile line 82.,0,0,0
Mockito,38,falhou,compilação: Running ant (compile)...................................................... FAIL; BUILD FAILED; Cannot compile sources! at /defects4j/framework/bin/d4j/d4j-compile line 82.,0,0,0
Time,1,ok,,4011,1,1
Time,2,ok,,4011,1,1
Time,3,ok,,1307,5,5
Time,4,ok,,770,1,1
Time,5,ok,,1950,3,3
Time,6,ok,,2663,5,5
Time,7,ok,,2703,2,2
Time,8,ok,,3950,1,1
Time,9,ok,,3950,1,1
Time,10,ok,,371,2,2
Time,11,ok,,8,1,1
Time,12,ok,,1674,8,8
Time,13,ok,,972,1,1
Time,14,ok,,3877,8,8
Time,15,ok,,3640,1,1
Time,16,ok,,2596,7,7
Time,17,ok,,3865,1,1
Time,18,ok,,2546,1,1
Time,19,ok,,3853,1,1
Time,20,ok,,2577,1,1
Time,22,ok,,1875,2,2
Time,23,ok,,3810,1,1
Time,24,ok,,1038,7,7
Time,25,ok,,3792,3,3
Time,26,ok,,3788,8,8
Time,27,ok,,739,1,1
