project,bug,RF 3 features,RF sem same_package,RF só same_package,RF só history,Random,History-based,same_package
Chart,1,0.8360091743,0.8360091743,0.9644495413,0.8360091743,0.5068042813,0.8360091743,0.9644495413
Chart,2,0.8333333333,0.8333333333,0.9306306306,0.8333333333,0.6863063063,0.8333333333,0.9306306306
Chart,3,0.6104651163,0.6104651163,0.6569767442,0.6104651163,0.4674418605,0.6104651163,0.6569767442
Chart,4,0.8921113689,0.8921113689,0.9408352668,0.8921113689,0.9504253674,0.8921113689,0.9408352668
Chart,5,0.9195205479,0.9195205479,0.926369863,0.9195205479,0.5142694064,0.9195205479,0.926369863
Chart,6,0.5174897119,0.5174897119,0.5339506173,0.5174897119,0.7765432099,0.5174897119,0.5339506173
Chart,7,0.40625,0.40625,0.40625,0.40625,0.5,0.40625,0.40625
Chart,8,0.8913043478,0.8913043478,0.8913043478,0.8913043478,0.447826087,0.8913043478,0.8913043478
Compress,34,0.7080536913,0.3187919463,0.7751677852,0.3187919463,0.5210290828,0.3187919463,0.7751677852
Compress,35,0.3821428571,0.6821428571,0.4035714286,0.6821428571,0.5766666667,0.6821428571,0.4035714286
Compress,36,0.8980582524,0.8106796117,0.9854368932,0.8106796117,0.4333333333,0.8106796117,0.9854368932
Compress,37,0.9418604651,0.8222591362,0.9551495017,0.8222591362,0.5442967885,0.8222591362,0.9551495017
Compress,38,0.8565891473,0.7635658915,0.8875968992,0.7635658915,0.557881137,0.7635658915,0.8875968992
Compress,39,0.796875,0.790625,0.921875,0.790625,0.5595833333,0.790625,0.921875
Compress,40,0.99,0.91,0.99,0.91,0.7126666667,0.91,0.99
Compress,41,0.9107142857,0.375,0.9301948052,0.375,0.6572510823,0.375,0.9301948052
Compress,42,0.9852071006,0.9852071006,0.9852071006,0.8550295858,0.4857988166,0.8550295858,0.9852071006
Compress,43,0.9443127962,0.8518957346,0.9917061611,0.8518957346,0.4892575039,0.8518957346,0.9917061611
Compress,44,0.9907407407,0.2685185185,0.9907407407,0.2685185185,0.7432098765,0.2685185185,0.9907407407
Compress,45,0.6678082192,0.2020547945,0.6815068493,0.2020547945,0.4878995434,0.2020547945,0.6815068493
Compress,46,0.7316384181,0.4661016949,0.8107344633,0.4661016949,0.45913371,0.4661016949,0.8107344633
Compress,47,0.9536340852,0.835839599,0.9887218045,0.835839599,0.544695071,0.835839599,0.9887218045
Lang,1,0.9797687861,0.9797687861,0.9971098266,0.9797687861,0.5325626204,0.9797687861,0.9971098266
Lang,3,0.601744186,0.375,0.601744186,0.375,0.5812015504,0.375,0.601744186
Lang,4,0.9890510949,0.4124087591,0.9890510949,0.4124087591,0.4912408759,0.4124087591,0.9890510949
Lang,5,0.5,0.5,0.5,0.5,0.6230769231,0.5,0.5
Lang,6,0.6021126761,0.6302816901,0.6373239437,0.6302816901,0.4516431925,0.6302816901,0.6373239437
Lang,7,0.9969879518,0.9969879518,0.936746988,0.9969879518,0.4841365462,0.9969879518,0.936746988
Lang,8,0.9123376623,0.9123376623,0.9318181818,0.9123376623,0.6632034632,0.9123376623,0.9318181818
Lang,9,0.6818181818,0.6818181818,0.6818181818,0.6818181818,0.6913131313,0.6818181818,0.6818181818
Lang,10,0.6901840491,0.6901840491,0.6901840491,0.6901840491,0.6390593047,0.6901840491,0.6901840491
Lang,11,0.6818181818,0.6818181818,0.6818181818,0.6818181818,0.4545454545,0.6818181818,0.6818181818
Lang,12,0.85,0.85,0.85,0.85,0.6766666667,0.85,0.85
Lang,13,0.5600961538,0.1995192308,0.5600961538,0.1995192308,0.5560897436,0.1995192308,0.5600961538
Lang,14,0.8878896882,0.7547961631,0.8986810552,0.7547961631,0.5435651479,0.7547961631,0.8986810552
Lang,15,0.55,0.55,0.55,0.55,0.6866666667,0.55,0.55
Lang,16,0.9969512195,0.9969512195,0.9359756098,0.9969512195,0.4571138211,0.9969512195,0.9359756098
Lang,17,0.1888888889,0.2777777778,0.1888888889,0.2777777778,0.4785185185,0.2777777778,0.1888888889
Lang,19,0.953125,0.296875,0.984375,0.296875,0.646875,0.296875,0.984375
Lang,20,0.6777777778,0.5735042735,0.6811965812,0.5735042735,0.6447293447,0.5735042735,0.6811965812
Math,1,0.9568690096,0.8162939297,0.9568690096,0.8099041534,0.675399361,0.8099041534,0.9568690096
Math,2,0.34375,0.34375,0.34375,0.34375,0.575,0.34375,0.34375
Math,3,0.9616635688,0.4593401487,0.9616635688,0.4593401487,0.4387701363,0.4593401487,0.9616635688
Math,4,0.4519230769,0.4519230769,0.4519230769,0.4326923077,0.6224358974,0.4326923077,0.4519230769
Math,5,0.4843137255,0.3705882353,0.4843137255,0.3705882353,0.485620915,0.3705882353,0.4843137255
Math,6,0.9934782609,0.9891304348,0.9934782609,0.9847826087,0.9723188406,0.9847826087,0.9934782609
Math,7,0.4940828402,0.5414201183,0.4940828402,0.5414201183,0.4731755424,0.5414201183,0.4940828402
Math,8,0.2045454545,0.2045454545,0.2045454545,0.2045454545,0.4803030303,0.2045454545,0.2045454545
Math,9,0.2142857143,0.2142857143,0.2142857143,0.2142857143,0.4876190476,0.2142857143,0.2142857143
Math,10,0.9850543478,0.9660326087,0.9850543478,0.9660326087,0.4795289855,0.9660326087,0.9850543478
Math,11,0.15,0.15,0.15,0.15,0.4433333333,0.15,0.15
Math,12,0.6645390071,0.6645390071,0.680141844,0.6645390071,0.6860047281,0.6645390071,0.680141844
Math,13,0.2102272727,0.6306818182,0.2215909091,0.6306818182,0.5325757576,0.6306818182,0.2215909091
Math,14,0.222826087,0.6467391304,0.222826087,0.6467391304,0.4800724638,0.6467391304,0.222826087
Math,15,0.9571666667,0.4751666667,0.9578333333,0.4751666667,0.3820555556,0.4751666667,0.9578333333
Math,16,0.9578052035,0.4758172115,0.9578052035,0.4758172115,0.6884700912,0.4758172115,0.9578052035
Math,17,0.7873563218,0.3390804598,0.7873563218,0.3390804598,0.4180076628,0.3390804598,0.7873563218
Math,18,0.5576923077,0.5576923077,0.5961538462,0.5576923077,0.4474358974,0.5576923077,0.5961538462
Math,19,0.86,0.86,0.9,0.86,0.4466666667,0.86,0.9
Math,20,0.3958333333,0.3958333333,0.3958333333,0.3958333333,0.5416666667,0.3958333333,0.3958333333
Math,21,0.9375,0.4791666667,0.9375,0.4791666667,0.6444444444,0.4791666667,0.9375
Math,22,0.8214285714,0.4642857143,0.8214285714,0.4540816327,0.6608843537,0.4540816327,0.8214285714
Math,23,0.7941176471,0.7941176471,0.8529411765,0.7941176471,0.5137254902,0.7941176471,0.8529411765
Math,24,0.78125,0.78125,0.78125,0.78125,0.5854166667,0.78125,0.78125
Math,25,0.6428571429,0.6428571429,0.6428571429,0.6428571429,0.5523809524,0.6428571429,0.6428571429
Math,26,0.8896713615,0.5610328638,0.8943661972,0.5610328638,0.5428794992,0.5610328638,0.8943661972
Math,27,0.8802816901,0.5187793427,0.8802816901,0.5187793427,0.5164319249,0.5187793427,0.8802816901
Math,28,0.3269230769,0.3269230769,0.3269230769,0.3269230769,0.4551282051,0.3269230769,0.3269230769
Math,29,0.6474358974,0.6474358974,0.6474358974,0.6474358974,0.7820512821,0.6474358974,0.6474358974
Math,30,0.8333333333,0.8333333333,0.8333333333,0.8333333333,0.4777777778,0.8333333333,0.8333333333
Math,31,0.4085173502,0.4085173502,0.4085173502,0.4085173502,0.6902208202,0.4085173502,0.4085173502
Math,32,0.0652173913,0.4130434783,0.0652173913,0.4130434783,0.5492753623,0.4130434783,0.0652173913
Mockito,1,0.9651041667,0.9401041667,0.9651041667,0.9401041667,0.9599652778,0.9401041667,0.9651041667
Mockito,2,0.9166666667,0.15,0.9166666667,0.15,0.7433333333,0.15,0.9166666667
Mockito,3,0.9640625,0.9119791667,0.9640625,0.9119791667,0.8980555556,0.9119791667,0.9640625
Mockito,4,0.9996186117,0.9401220442,0.9996186117,0.9401220442,0.813755403,0.9401220442,0.9996186117
Mockito,5,0.78,0.94,0.78,0.94,0.516,0.94,0.78
Mockito,6,0.9581031308,0.9673112339,0.9857274401,0.9673112339,0.8992326581,0.9673112339,0.9857274401
Mockito,18,0.9814814815,0.086269196,0.9859981933,0.086269196,0.4673893406,0.086269196,0.9859981933
Mockito,19,0.6676570458,0.6685059423,0.6498302207,0.6311544992,0.523089983,0.6311544992,0.6498302207
Mockito,20,0.9520705521,0.9528374233,0.9781441718,0.9528374233,0.8925102249,0.9528374233,0.9781441718
Time,1,0.9654699576,0.9579905261,0.9634754425,0.9402892047,0.5307653952,0.9402892047,0.9634754425
Time,2,0.3234854151,0.1641735228,0.3132635253,0.1467215158,0.5339399983,0.1467215158,0.3132635253
Time,3,0.980489671,0.967482785,0.9965570008,0.967482785,0.8565416985,0.967482785,0.9965570008
Time,4,0.2980519481,0.1668831169,0.2980519481,0.1668831169,0.5378354978,0.1668831169,0.2980519481
Time,5,0.5966666667,0.5187179487,0.6038461538,0.5187179487,0.8021538462,0.5187179487,0.6038461538
Time,6,0.9780322944,0.0407435223,0.9780322944,0.0407435223,0.8270371761,0.0407435223,0.9780322944
Time,7,0.9273029967,0.496300407,0.9324824269,0.496300407,0.6481563695,0.496300407,0.9324824269
Time,9,0.9958227848,0.9953164557,0.7598734177,0.9953164557,0.4179831224,0.9953164557,0.7598734177
