strategy,project,bug,apfd,n_tests,n_trigger_tests
Random,Chart,19,0.6817850637522767,366,2
Random,Chart,20,0.6099099099099099,296,1
Random,Chart,21,0.4607843137254901,17,1
Random,Chart,22,0.8477124183006535,51,6
Random,Chart,23,0.58,5,1
Random,Chart,24,0.4866666666666666,15,1
Random,Chart,25,0.8370370370370369,9,4
Random,Chart,26,0.9568446899938612,543,22
Random,Compress,33,0.5547619047619048,42,1
Random,Compress,34,0.5847031963470319,146,1
Random,Compress,35,0.5795620437956206,137,1
Random,Compress,37,0.5377104377104377,297,1
Random,Compress,38,0.5066137566137567,126,1
Random,Compress,39,0.5303225806451612,155,1
Random,Compress,40,0.723611111111111,48,2
Random,Compress,41,0.6166109253065776,299,2
Random,Compress,42,0.5371951219512195,164,1
Random,Compress,44,0.7881720430107527,31,3
Random,Compress,45,0.4752380952380953,140,1
Random,Compress,46,0.488757396449704,169,1
Random,Compress,47,0.4271880819366852,358,1
Random,Lang,47,0.6563607085346216,207,2
Random,Lang,49,0.4866666666666666,25,1
Random,Lang,50,0.6809523809523808,35,2
Random,Lang,51,0.4950877192982457,190,1
Random,Lang,52,0.6360360360360361,74,1
Random,Lang,53,0.4817204301075269,31,1
Random,Lang,54,0.4833333333333333,12,1
Random,Lang,55,0.5111111111111112,6,1
Random,Lang,56,0.5343434343434342,33,1
Random,Lang,57,0.9545454545454544,11,11
Random,Lang,58,0.5364532019704434,203,1
Random,Lang,59,0.4636363636363637,187,1
Random,Lang,60,0.4279569892473118,186,1
Random,Lang,61,0.6228828828828828,185,2
Random,Lang,62,0.5134751773049645,47,1
Random,Lang,63,0.4708333333333333,16,1
Random,Lang,64,0.5622222222222223,75,1
Random,Lang,65,0.5055555555555555,30,1
Random,Math,75,0.4916666666666666,8,1
Random,Math,76,0.6490196078431371,17,2
Random,Math,77,0.7380264741275571,277,2
Random,Math,79,0.6092453773113443,667,1
Random,Math,80,0.5333333333333333,36,1
Random,Math,81,0.4809523809523809,35,1
Random,Math,82,0.5047619047619047,14,1
Random,Math,83,0.5254901960784314,17,1
Random,Math,84,0.7266666666666665,5,2
Random,Math,85,0.4461187214611873,73,1
Random,Math,86,0.7194444444444444,12,2
Random,Math,87,0.475,16,1
Random,Math,88,0.4866666666666666,15,1
Random,Math,89,0.4809523809523809,7,1
Random,Math,90,0.4809523809523809,7,1
Random,Math,91,0.4467741935483871,62,1
Random,Math,92,0.473557278208441,387,1
Random,Math,93,0.4952504317789292,386,1
Random,Math,94,0.5653713298791019,386,1
Random,Math,95,0.5210526315789473,19,1
Random,Math,96,0.4056105610561057,101,1
Random,Math,97,0.4893939393939392,110,1
Random,Math,98,0.6192090395480226,118,2
Random,Math,99,0.5985833333333331,400,2
Random,Math,100,0.4479166666666667,48,1
Random,Math,102,0.8333333333333331,17,4
Random,Math,103,0.5361111111111111,12,1
Random,Math,104,0.4460144927536232,92,1
Random,Math,105,0.3925925925925926,9,1
Random,Math,106,0.46875,16,1
Random,Mockito,25,0.7784913353720693,981,5
Random,Mockito,26,0.7141329614132962,717,2
Random,Mockito,27,0.4989763275751759,1042,1
Random,Mockito,28,0.4632183908045977,29,1
Random,Mockito,29,0.5943262411347517,47,1
Random,Mockito,30,0.4883919062832801,939,1
Random,Mockito,31,0.4963063063063062,740,1
Random,Mockito,32,0.3570540935672515,912,1
Random,Mockito,33,0.7457231726283049,643,2
Random,Time,19,0.5010987109611559,3853,1
Random,Time,20,0.560069848661234,2577,1
Random,Time,22,0.6533155555555555,1875,2
Random,Time,23,0.5424409448818897,3810,1
Random,Time,24,0.8938021836865765,1038,7
Random,Time,25,0.7822784810126583,3792,3
Random,Time,26,0.8962249208025344,3788,8
Random,Time,27,0.4849797023004059,739,1
History-based,Chart,19,0.4494535519125683,366,2
History-based,Chart,20,0.9070945945945944,296,1
History-based,Chart,21,0.2058823529411765,17,1
History-based,Chart,22,0.3235294117647059,51,6
History-based,Chart,23,0.5,5,1
History-based,Chart,24,0.3666666666666667,15,1
History-based,Chart,25,0.8333333333333334,9,4
History-based,Chart,26,0.9548802946593002,543,22
History-based,Compress,33,0.5357142857142857,42,1
History-based,Compress,34,0.3253424657534246,146,1
History-based,Compress,35,0.6970802919708029,137,1
History-based,Compress,37,0.8367003367003367,297,1
History-based,Compress,38,0.7817460317460317,126,1
History-based,Compress,39,0.8096774193548386,155,1
History-based,Compress,40,0.90625,48,2
History-based,Compress,41,0.3862876254180601,299,2
History-based,Compress,42,0.850609756097561,164,1
History-based,Compress,44,0.467741935483871,31,3
History-based,Compress,45,0.2107142857142857,140,1
History-based,Compress,46,0.4822485207100592,169,1
History-based,Compress,47,0.8421787709497207,358,1
History-based,Lang,47,0.3405797101449275,207,2
History-based,Lang,49,0.18,25,1
History-based,Lang,50,0.1857142857142856,35,2
History-based,Lang,51,0.0973684210526315,190,1
History-based,Lang,52,0.6283783783783784,74,1
History-based,Lang,53,0.2096774193548387,31,1
History-based,Lang,54,0.5416666666666666,12,1
History-based,Lang,55,0.7500000000000001,6,1
History-based,Lang,56,0.4393939393939393,33,1
History-based,Lang,57,0.9545454545454544,11,11
History-based,Lang,58,0.5738916256157636,203,1
History-based,Lang,59,0.3716577540106952,187,1
History-based,Lang,60,0.3736559139784946,186,1
History-based,Lang,61,0.4351351351351351,185,2
History-based,Lang,62,0.3085106382978723,47,1
History-based,Lang,63,0.34375,16,1
History-based,Lang,64,0.78,75,1
History-based,Lang,65,0.0499999999999999,30,1
History-based,Math,75,0.3125,8,1
History-based,Math,76,0.6176470588235294,17,2
History-based,Math,77,0.9296028880866426,277,2
History-based,Math,79,0.356071964017991,667,1
History-based,Math,80,0.4583333333333333,36,1
History-based,Math,81,0.4714285714285715,35,1
History-based,Math,82,0.6071428571428571,14,1
History-based,Math,83,0.676470588235294,17,1
History-based,Math,84,0.7,5,2
History-based,Math,85,0.5958904109589042,73,1
History-based,Math,86,0.5416666666666666,12,2
History-based,Math,87,0.34375,16,1
History-based,Math,88,0.7000000000000001,15,1
History-based,Math,89,0.6428571428571428,7,1
History-based,Math,90,0.9285714285714286,7,1
History-based,Math,91,0.8467741935483871,62,1
History-based,Math,92,0.8850129198966409,387,1
History-based,Math,93,0.6748704663212435,386,1
History-based,Math,94,0.6489637305699483,386,1
History-based,Math,95,0.1842105263157895,19,1
History-based,Math,96,0.4702970297029702,101,1
History-based,Math,97,0.2681818181818182,110,1
History-based,Math,98,0.5296610169491525,118,2
History-based,Math,99,0.98625,400,2
History-based,Math,100,0.9895833333333331,48,1
History-based,Math,102,0.9705882352941176,17,4
History-based,Math,103,0.9583333333333331,12,1
History-based,Math,104,0.1684782608695651,92,1
History-based,Math,105,0.0555555555555555,9,1
History-based,Math,106,0.15625,16,1
History-based,Mockito,25,0.95158002038736,981,5
History-based,Mockito,26,0.105299860529986,717,2
History-based,Mockito,27,0.9352207293666026,1042,1
History-based,Mockito,28,0.8793103448275862,29,1
History-based,Mockito,29,0.1382978723404254,47,1
History-based,Mockito,30,0.3807241746538872,939,1
History-based,Mockito,31,0.3655405405405406,740,1
History-based,Mockito,32,0.3908991228070175,912,1
History-based,Mockito,33,0.1687402799377915,643,2
History-based,Time,19,0.7891253568647807,3853,1
History-based,Time,20,0.008731082654249,2577,1
History-based,Time,22,0.8338666666666666,1875,2
History-based,Time,23,0.724015748031496,3810,1
History-based,Time,24,0.2894990366088631,1038,7
History-based,Time,25,0.1285601265822785,3792,3
History-based,Time,26,0.9753167898627244,3788,8
History-based,Time,27,0.9898511502029772,739,1
Random Forest,Chart,19,0.5095628415300546,366,2
Random Forest,Chart,20,0.9814189189189187,296,1
Random Forest,Chart,21,0.2058823529411765,17,1
Random Forest,Chart,22,0.3235294117647059,51,6
Random Forest,Chart,23,0.5,5,1
Random Forest,Chart,24,0.3666666666666667,15,1
Random Forest,Chart,25,0.8333333333333334,9,4
Random Forest,Chart,26,0.9935543278084716,543,22
Random Forest,Compress,33,0.5357142857142857,42,1
Random Forest,Compress,34,0.7226027397260274,146,1
Random Forest,Compress,35,0.4343065693430657,137,1
Random Forest,Compress,37,0.9511784511784512,297,1
Random Forest,Compress,38,0.876984126984127,126,1
Random Forest,Compress,39,0.9387096774193548,155,1
Random Forest,Compress,40,0.9895833333333331,48,2
Random Forest,Compress,41,0.9147157190635452,299,2
Random Forest,Compress,42,0.3628048780487805,164,1
Random Forest,Compress,44,0.9838709677419356,31,3
Random Forest,Compress,45,0.675,140,1
Random Forest,Compress,46,0.7485207100591716,169,1
Random Forest,Compress,47,0.9511173184357542,358,1
Random Forest,Lang,47,0.3405797101449275,207,2
Random Forest,Lang,49,0.18,25,1
Random Forest,Lang,50,0.1857142857142856,35,2
Random Forest,Lang,51,0.6868421052631579,190,1
Random Forest,Lang,52,0.6283783783783784,74,1
Random Forest,Lang,53,0.2096774193548387,31,1
Random Forest,Lang,54,0.5416666666666666,12,1
Random Forest,Lang,55,0.7500000000000001,6,1
Random Forest,Lang,56,0.4393939393939393,33,1
Random Forest,Lang,57,0.9545454545454544,11,11
Random Forest,Lang,58,0.7660098522167489,203,1
Random Forest,Lang,59,0.3716577540106952,187,1
Random Forest,Lang,60,0.3736559139784946,186,1
Random Forest,Lang,61,0.4351351351351351,185,2
Random Forest,Lang,62,0.3085106382978723,47,1
Random Forest,Lang,63,0.34375,16,1
Random Forest,Lang,64,0.78,75,1
Random Forest,Lang,65,0.0499999999999999,30,1
Random Forest,Math,75,0.3125,8,1
Random Forest,Math,76,0.6176470588235294,17,2
Random Forest,Math,77,0.7454873646209387,277,2
Random Forest,Math,79,0.3260869565217391,667,1
Random Forest,Math,80,0.4583333333333333,36,1
Random Forest,Math,81,0.4714285714285715,35,1
Random Forest,Math,82,0.6071428571428571,14,1
Random Forest,Math,83,0.676470588235294,17,1
Random Forest,Math,84,0.7,5,2
Random Forest,Math,85,0.3356164383561644,73,1
Random Forest,Math,86,0.5416666666666666,12,2
Random Forest,Math,87,0.34375,16,1
Random Forest,Math,88,0.7000000000000001,15,1
Random Forest,Math,89,0.6428571428571428,7,1
Random Forest,Math,90,0.9285714285714286,7,1
Random Forest,Math,91,0.9596774193548387,62,1
Random Forest,Math,92,0.9806201550387598,387,1
Random Forest,Math,93,0.97279792746114,386,1
Random Forest,Math,94,0.9676165803108808,386,1
Random Forest,Math,95,0.7631578947368421,19,1
Random Forest,Math,96,0.5099009900990099,101,1
Random Forest,Math,97,0.8681818181818182,110,1
Random Forest,Math,98,0.2669491525423728,118,2
Random Forest,Math,99,0.99125,400,2
Random Forest,Math,100,0.9895833333333331,48,1
Random Forest,Math,102,0.9705882352941176,17,4
Random Forest,Math,103,0.9583333333333331,12,1
Random Forest,Math,104,0.6684782608695653,92,1
Random Forest,Math,105,0.0555555555555555,9,1
Random Forest,Math,106,0.15625,16,1
Random Forest,Mockito,25,0.9984709480122324,981,5
Random Forest,Mockito,26,0.1499302649930265,717,2
Random Forest,Mockito,27,0.9448176583493282,1042,1
Random Forest,Mockito,28,0.913793103448276,29,1
Random Forest,Mockito,29,0.1382978723404254,47,1
Random Forest,Mockito,30,0.0154419595314164,939,1
Random Forest,Mockito,31,0.9993243243243244,740,1
Random Forest,Mockito,32,0.4194078947368421,912,1
Random Forest,Mockito,33,0.2091757387247277,643,2
Random Forest,Time,19,0.8013236439138334,3853,1
Random Forest,Time,20,0.889988358556461,2577,1
Random Forest,Time,22,0.8338666666666666,1875,2
Random Forest,Time,23,0.7631233595800525,3810,1
Random Forest,Time,24,0.9022157996146436,1038,7
Random Forest,Time,25,0.301292194092827,3792,3
Random Forest,Time,26,0.8248416050686378,3788,8
Random Forest,Time,27,0.999323410013532,739,1
