scope,strategy,mean,median,std,min,q25,q75,max,n_bugs
Geral,History-based,0.5357,0.5017,0.2586,0.05,0.3311,0.737,0.9955,79
Geral,Random,0.5579,0.5155,0.1248,0.3571,0.4824,0.5861,0.9706,79
Geral,Random Forest,0.537,0.5188,0.2587,0.05,0.3311,0.737,0.9955,79
Lang,History-based,0.4738,0.4394,0.2733,0.05,0.3406,0.6525,0.9955,17
Lang,Random,0.5867,0.5467,0.1299,0.4477,0.4951,0.6392,0.9706,17
Lang,Random Forest,0.4739,0.4394,0.2735,0.05,0.3406,0.6525,0.9955,17
Chart,History-based,0.5786,0.5785,0.2081,0.2592,0.4387,0.7217,0.8579,8
Chart,Random,0.543,0.498,0.1366,0.4396,0.4495,0.5516,0.8243,8
Chart,Random Forest,0.5786,0.5785,0.2081,0.2592,0.4387,0.7217,0.8579,8
Math,History-based,0.5396,0.4971,0.2568,0.15,0.3197,0.75,0.9706,27
Math,Random,0.5248,0.5069,0.0883,0.4049,0.4792,0.537,0.8412,27
Math,Random Forest,0.5396,0.4971,0.2568,0.15,0.3197,0.75,0.9706,27
Time,History-based,0.6655,0.7219,0.2233,0.2895,0.5605,0.7683,0.9899,7
Time,Random,0.6133,0.5577,0.1606,0.4399,0.5271,0.6753,0.8905,7
Time,Random Forest,0.6655,0.7219,0.2233,0.2895,0.5605,0.7683,0.9899,7
Mockito,History-based,0.5688,0.3909,0.3534,0.1383,0.3241,0.9165,0.9711,7
Mockito,Random,0.5634,0.5101,0.1619,0.3571,0.4667,0.6646,0.8141,7
Mockito,Random Forest,0.5689,0.3909,0.3534,0.1383,0.3246,0.9165,0.9711,7
Compress,History-based,0.4942,0.4822,0.2459,0.0922,0.3253,0.698,0.8585,13
Compress,Random,0.5654,0.4991,0.1392,0.4274,0.4815,0.617,0.9111,13
Compress,Random Forest,0.5024,0.4822,0.2479,0.0922,0.3253,0.698,0.8585,13
