project,bug,apfd,n_tests,n_trigger_tests
Chart,1,0.8360091743119266,436,1
Chart,2,0.8333333333333333,555,2
Chart,3,0.6104651162790697,86,1
Chart,4,0.8921113689095127,431,22
Chart,5,0.9195205479452054,292,1
Chart,6,0.5174897119341563,486,2
Chart,7,0.40625,16,1
Chart,8,0.8913043478260869,23,1
Chart,9,0.8046875,64,1
Chart,10,0.5,1,1
Chart,11,0.6307550644567219,543,1
Chart,12,0.6990049751243781,201,1
Chart,13,0.002564102564102564,195,1
Chart,14,0.28420038535645475,519,4
Chart,15,0.7010050251256281,199,1
Chart,16,0.86,25,8
Chart,17,0.8416666666666667,60,1
Chart,18,0.8853211009174311,327,4
Chart,19,0.4849726775956284,366,2
Chart,20,0.893581081081081,296,1
Chart,21,0.20588235294117652,17,1
Chart,22,0.3235294117647059,51,6
Chart,23,0.5,5,1
Chart,24,0.3666666666666667,15,1
Chart,25,0.7222222222222223,9,4
Chart,26,0.9935543278084715,543,22
Compress,1,0.7884615384615384,26,1
Compress,2,0.839622641509434,53,1
Compress,3,0.43292682926829273,82,1
Compress,4,0.9578313253012047,83,10
Compress,5,0.20297029702970293,101,1
Compress,6,0.30625,80,1
Compress,7,0.1885245901639344,61,1
Compress,8,0.2777777777777778,63,1
Compress,9,0.6847826086956522,138,1
Compress,10,0.24285714285714283,35,1
Compress,11,0.9076433121019108,157,1
Compress,12,0.7713414634146342,164,1
Compress,13,0.09223300970873782,103,2
Compress,14,0.0058823529411764705,85,1
Compress,15,0.3028846153846154,104,1
Compress,16,0.9,165,1
Compress,17,0.6911764705882353,102,1
Compress,18,0.06609195402298848,174,1
Compress,19,0.5592592592592592,135,1
Compress,20,0.6440217391304347,184,1
Compress,21,0.7666666666666667,15,8
Compress,22,0.24545454545454543,55,1
Compress,23,0.45999999999999996,25,1
Compress,24,0.34552845528455284,123,1
Compress,25,0.20850202429149792,247,1
Compress,26,0.8390151515151516,264,2
Compress,27,0.9488188976377953,127,1
Compress,28,0.8527272727272728,275,1
Compress,29,0.49177631578947373,304,3
Compress,30,0.8870967741935484,93,1
Compress,31,0.9669117647058824,136,2
Compress,32,0.8476027397260273,292,1
Compress,33,0.5357142857142857,42,1
Compress,34,0.3187919463087248,149,1
Compress,35,0.6821428571428572,140,1
Compress,36,0.8106796116504854,103,1
Compress,37,0.8222591362126245,301,1
Compress,38,0.7635658914728682,129,1
Compress,39,0.790625,160,1
Compress,40,0.91,50,2
Compress,41,0.375,308,2
Compress,42,0.8550295857988166,169,1
Compress,43,0.8518957345971565,422,1
Compress,44,0.26851851851851855,54,3
Compress,45,0.20205479452054798,146,1
Compress,46,0.46610169491525416,177,1
Compress,47,0.8358395989974937,399,1
Lang,1,0.9797687861271677,173,1
Lang,3,0.375,172,1
Lang,4,0.41240875912408753,137,1
Lang,5,0.5,13,1
Lang,6,0.6302816901408451,142,1
Lang,7,0.996987951807229,166,1
Lang,8,0.9123376623376623,154,2
Lang,9,0.6818181818181818,165,2
Lang,10,0.6901840490797546,163,2
Lang,11,0.6818181818181818,11,1
Lang,12,0.8500000000000001,10,2
Lang,13,0.19951923076923073,208,1
Lang,14,0.7547961630695443,834,1
Lang,15,0.55,10,2
Lang,16,0.9969512195121951,164,1
Lang,17,0.27777777777777785,45,1
Lang,19,0.296875,32,2
Lang,20,0.5735042735042735,585,2
Lang,21,0.7025862068965517,116,1
Lang,22,0.18000000000000002,25,2
Lang,23,0.5625,8,1
Lang,24,0.9863636363636363,110,1
Lang,26,0.586021505376344,93,1
Lang,27,0.9954545454545455,110,1
Lang,28,0.32500000000000007,20,1
Lang,29,0.4960691823899371,636,1
Lang,30,0.9132302405498282,582,10
Lang,31,0.9133099824868652,571,2
Lang,32,0.125,44,1
Lang,33,0.20588235294117652,255,1
Lang,34,0.38226744186046513,344,27
Lang,35,0.5585642317380353,794,1
Lang,36,0.8772727272727273,110,2
Lang,37,0.5776255707762558,657,1
Lang,38,0.652542372881356,59,1
Lang,39,0.3527724665391969,523,1
Lang,40,0.8827519379844961,516,1
Lang,41,0.06431535269709544,241,2
Lang,42,0.6203703703703705,54,1
Lang,43,0.5,7,1
Lang,44,0.375,20,1
Lang,45,0.9939024390243902,82,1
Lang,46,0.6379310344827587,87,1
Lang,47,0.3422330097087378,206,2
Lang,49,0.18000000000000002,25,1
Lang,50,0.18571428571428567,35,2
Lang,51,0.09736842105263153,190,1
Lang,52,0.6283783783783784,74,1
Lang,53,0.17741935483870963,31,1
Lang,54,0.041666666666666664,12,1
Lang,55,0.7500000000000001,6,1
Lang,56,0.43939393939393934,33,1
Lang,57,0.9545454545454545,11,11
Lang,58,0.490234375,256,1
Lang,59,0.3736559139784946,186,1
Lang,60,0.3756756756756756,185,1
Lang,61,0.43750000000000006,184,2
Lang,62,0.30851063829787234,47,1
Lang,63,0.34375,16,1
Lang,64,0.78,75,1
Lang,65,0.04999999999999999,30,1
Math,1,0.8099041533546325,313,2
Math,2,0.34375,16,1
Math,3,0.45934014869888473,2152,1
Math,4,0.43269230769230776,52,2
Math,5,0.37058823529411766,255,1
Math,6,0.9847826086956522,230,28
Math,7,0.5414201183431953,169,1
Math,8,0.2045454545454545,22,1
Math,9,0.21428571428571425,35,1
Math,10,0.9660326086956522,368,1
Math,11,0.14999999999999997,10,1
Math,12,0.6645390070921986,705,3
Math,13,0.6306818181818182,88,1
Math,14,0.6467391304347826,92,1
Math,15,0.4751666666666666,3000,1
Math,16,0.47581721147431627,2998,2
Math,17,0.339080459770115,87,1
Math,18,0.5576923076923077,26,1
Math,19,0.86,25,1
Math,20,0.3958333333333333,24,1
Math,21,0.4791666666666667,24,2
Math,22,0.4540816326530613,98,2
Math,23,0.7941176470588235,17,1
Math,24,0.78125,16,1
Math,25,0.6428571428571428,7,1
Math,26,0.5610328638497654,213,1
Math,27,0.5187793427230047,213,1
Math,28,0.3269230769230769,26,1
Math,29,0.6474358974358974,78,3
Math,30,0.8333333333333334,3,1
Math,31,0.4085173501577287,317,2
Math,32,0.4130434782608695,23,1
Math,33,0.37499999999999994,28,1
Math,34,0.31249999999999994,24,1
Math,35,0.7916666666666666,12,4
Math,36,0.6436170212765958,94,2
Math,37,0.16856060606060602,264,4
Math,38,0.7105263157894737,19,1
Math,39,0.06521739130434787,69,1
Math,40,0.44999999999999996,90,1
Math,41,0.6588983050847458,236,1
Math,42,0.35185185185185186,27,1
Math,43,0.5064102564102564,78,6
Math,44,0.3567073170731707,164,1
Math,45,0.5412147505422993,461,1
Math,46,0.9924623115577889,199,2
Math,47,0.8969849246231155,199,2
Math,48,0.986111111111111,36,1
Math,49,0.5857142857142856,35,1
Math,50,0.9583333333333333,36,1
Math,51,0.8472222222222222,36,1
Math,52,0.48214285714285715,28,1
Math,53,0.9134078212290503,179,1
Math,54,0.5,63,1
Math,55,0.8238636363636364,88,1
Math,56,0.7,5,1
Math,57,0.125,4,1
Math,58,0.0625,8,1
Math,59,0.4620509849362688,1726,1
Math,60,0.9807692307692308,26,1
Math,61,0.2083333333333333,12,1
Math,62,0.75,2,1
Math,63,0.9377067254685777,907,1
Math,64,0.9736842105263158,57,2
Math,65,0.9415584415584415,77,1
Math,66,0.9500000000000001,10,4
Math,67,0.75,2,1
Math,68,0.625,44,2
Math,69,0.38235294117647056,17,2
Math,70,0.90625,16,1
Math,71,0.2198275862068966,116,2
Math,72,0.16976744186046516,215,1
Math,73,0.7930232558139535,215,1
Math,74,0.7410714285714286,56,1
Math,75,0.3125,8,1
Math,76,0.6176470588235294,17,2
Math,77,0.8945086705202312,346,2
Math,78,0.9533898305084746,118,1
Math,79,0.3504618937644342,866,1
Math,80,0.4583333333333333,36,1
Math,81,0.4714285714285715,35,1
Math,82,0.5357142857142857,14,1
Math,83,0.6176470588235294,17,1
Math,84,0.7,5,2
Math,85,0.456989247311828,93,1
Math,86,0.5416666666666666,12,2
Math,87,0.34375,16,1
Math,88,0.7000000000000001,15,1
Math,89,0.9285714285714286,7,1
Math,90,0.7857142857142857,7,1
Math,91,0.8306451612903225,62,1
Math,92,0.9206204379562044,548,1
Math,93,0.6078610603290676,547,1
Math,94,0.5840950639853747,547,1
Math,95,0.15217391304347827,23,1
Math,96,0.6286549707602339,171,1
Math,97,0.21923076923076923,130,1
Math,98,0.4699248120300752,133,2
Math,99,0.9955436720142602,561,2
Math,100,0.9895833333333333,48,1
Math,101,0.9357142857142857,70,2
Math,102,0.9833333333333334,30,6
Math,103,0.725,20,1
Math,104,0.13059701492537318,134,1
Math,105,0.05555555555555555,9,1
Math,106,0.15625,16,1
Mockito,1,0.9401041666666666,960,26
Mockito,2,0.14999999999999997,30,3
Mockito,3,0.9119791666666667,960,9
Mockito,4,0.9401220442410374,1311,4
Mockito,5,0.9400000000000001,25,1
Mockito,6,0.9673112338858195,1086,7
Mockito,7,0.6195652173913044,46,1
Mockito,8,0.2333333333333333,45,1
Mockito,9,0.9732061762034514,1101,3
Mockito,10,0.13564814814814816,1080,1
Mockito,11,0.9459910913140311,898,2
Mockito,12,0.875,20,10
Mockito,13,0.9993234100135319,739,1
Mockito,14,0.8709016393442623,732,1
Mockito,15,0.28260869565217395,23,1
Mockito,18,0.08626919602529357,1107,1
Mockito,19,0.6311544991511036,1178,1
Mockito,20,0.9528374233128833,1304,8
Mockito,21,0.676470588235294,17,1
Mockito,22,0.62677304964539,564,1
Mockito,23,0.06142857142857146,1050,1
Mockito,24,0.1888677450047574,1051,2
Mockito,25,0.9693877551020408,1029,6
Mockito,26,0.10915032679738557,765,4
Mockito,27,0.9425551470588236,1088,1
Mockito,28,0.8793103448275862,29,1
Mockito,29,0.12931034482758622,58,1
Mockito,30,0.3905295315682281,982,1
Mockito,31,0.3804347826086957,782,1
Mockito,32,0.4015706806282722,955,1
Mockito,33,0.18347953216374266,684,2
Time,1,0.9402892046871104,4011,1
Time,2,0.1467215158314635,4011,1
Time,3,0.9674827850038256,1307,5
Time,4,0.16688311688311694,770,1
Time,5,0.5187179487179487,1950,3
Time,6,0.040743522343221976,2663,5
Time,7,0.49630040695523486,2703,2
Time,8,0.7130379746835444,3950,1
Time,9,0.9953164556962025,3950,1
Time,10,0.9016172506738545,371,2
Time,11,0.8125,8,1
Time,12,0.7494026284348866,1674,8
Time,13,0.5848765432098766,972,1
Time,14,0.5698994067578025,3877,8
Time,15,0.3756868131868132,3640,1
Time,16,0.5052003081664098,2596,7
Time,17,0.9693402328589908,3865,1
Time,18,0.4923409269442262,2546,1
Time,19,0.7844536724630158,3853,1
Time,20,0.008731082654249081,2577,1
Time,22,0.8290666666666666,1875,2
Time,23,0.7200787401574803,3810,1
Time,24,0.28082851637764933,1038,7
Time,25,0.12856012658227853,3792,3
Time,26,0.9753167898627244,3788,8
Time,27,0.9898511502029771,739,1
