project,bug,apfd_mean,apfd_std,n_tests,n_trigger_tests
Chart,1,0.5068042813455658,0.32646007601259475,436,1
Chart,2,0.6863063063063063,0.2381184859848167,555,2
Chart,3,0.4674418604651163,0.3026207614562414,86,1
Chart,4,0.9504253673627222,0.04265493303967216,431,22
Chart,5,0.514269406392694,0.2946980896109364,292,1
Chart,6,0.7765432098765432,0.18830163121170107,486,2
Chart,7,0.5,0.3025350863094657,16,1
Chart,8,0.44782608695652165,0.27766991220640064,23,1
Chart,9,0.5984375,0.29910404104707394,64,1
Chart,10,0.5,0.0,1,1
Chart,11,0.523572744014733,0.3040028101984136,543,1
Chart,12,0.48739635157545613,0.3475907947895112,201,1
Chart,13,0.43777777777777777,0.2889227540547392,195,1
Chart,14,0.7838150289017339,0.18130626146627218,519,4
Chart,15,0.48257956448911216,0.350446181621866,199,1
Chart,16,0.9173333333333334,0.07624521842931091,25,8
Chart,17,0.41277777777777774,0.25047591992509854,60,1
Chart,18,0.7939857288481142,0.141868325496627,327,4
Chart,19,0.6817850637522767,0.2214161148280975,366,2
Chart,20,0.6099099099099099,0.30522772768563144,296,1
Chart,21,0.46078431372549017,0.2686025266909971,17,1
Chart,22,0.8477124183006535,0.11209970000735717,51,6
Chart,23,0.58,0.2759310258642236,5,1
Chart,24,0.48666666666666664,0.31967416361230394,15,1
Chart,25,0.8370370370370369,0.11481687469828533,9,4
Chart,26,0.9568446899938613,0.04310291361352343,543,22
Compress,2,0.4918238993710692,0.31084952144816463,53,1
Compress,3,0.45772357723577245,0.30115444068089336,82,1
Compress,4,0.9112449799196789,0.07806411640567772,83,10
Compress,5,0.4924092409240924,0.32423164496151574,101,1
Compress,6,0.5254166666666668,0.3135196010298001,80,1
Compress,7,0.4224043715846995,0.3113692757003752,61,1
Compress,8,0.47777777777777775,0.2831668960541282,63,1
Compress,9,0.42632850241545894,0.2957443520093114,138,1
Compress,10,0.5333333333333333,0.24659063945543833,35,1
Compress,11,0.3673036093418259,0.2648993142710932,157,1
Compress,12,0.45630081300813014,0.3101162011734541,164,1
Compress,13,0.658252427184466,0.23113504890442765,103,2
Compress,14,0.5270588235294117,0.3168896386340502,85,1
Compress,15,0.5647435897435896,0.2951769530620392,104,1
Compress,16,0.384040404040404,0.28246959391787824,165,1
Compress,17,0.5323432343234323,0.2825649878307006,101,1
Compress,18,0.44310344827586207,0.290049213257694,174,1
Compress,19,0.5080200501253133,0.2345619783836949,133,1
Compress,20,0.4815217391304348,0.2890559910814053,184,1
Compress,21,0.9111111111111109,0.06799444046088444,15,8
Compress,22,0.5424242424242425,0.32247734888417307,55,1
Compress,23,0.44800000000000006,0.28326178947982084,25,1
Compress,24,0.4937158469945356,0.2723902861917566,122,1
Compress,25,0.4414634146341464,0.27923532846681953,246,1
Compress,26,0.68544061302682,0.2637296250334909,261,2
Compress,27,0.5380952380952381,0.24583435767106046,126,1
Compress,28,,,273,0
Compress,29,0.7599999999999999,0.21943632071873317,300,3
Compress,30,,,92,0
Compress,31,0.6403508771929827,0.22379684066390967,133,2
Compress,32,0.4357554786620531,0.29450508018654215,289,1
Compress,33,0.5547619047619048,0.29780125785194395,42,1
Compress,34,0.5847031963470319,0.28244306273012415,146,1
Compress,35,0.5795620437956206,0.28931176544966064,137,1
Compress,36,,,102,0
Compress,37,0.5377104377104377,0.2916706686938916,297,1
Compress,38,0.5066137566137567,0.3535416156254947,126,1
Compress,39,0.5303225806451612,0.2859673325688899,155,1
Compress,40,0.723611111111111,0.22167639803776745,48,2
Compress,41,0.6166109253065776,0.2706611901013973,299,2
Compress,42,0.5371951219512195,0.35352292867173113,164,1
Compress,43,,,382,0
Compress,44,0.7881720430107527,0.17929203478906078,31,3
Compress,45,0.4752380952380953,0.3247338721655694,140,1
Compress,46,0.48875739644970406,0.27664333980677824,169,1
Compress,47,0.4271880819366852,0.2514487449319723,358,1
Lang,1,,,172,0
Lang,3,0.5812015503875969,0.2659284492312337,172,1
Lang,4,0.49124087591240884,0.2855987275322579,137,1
Lang,5,0.623076923076923,0.27889074005566805,13,1
Lang,6,0.45164319248826285,0.26426484587720983,142,1
Lang,7,0.484136546184739,0.28583438605725886,166,1
Lang,8,0.513095238095238,0.3058851567065023,112,1
Lang,9,0.5653333333333332,0.2696702115334687,125,1
Lang,10,0.5301075268817205,0.269480226100212,124,1
Lang,11,0.4545454545454545,0.285240620277434,11,1
Lang,12,0.6766666666666666,0.2434427403232472,10,2
Lang,13,0.5847133757961784,0.2751728100221997,157,1
Lang,14,0.5543407043407044,0.3322256788152469,814,1
Lang,15,0.6866666666666666,0.2311639712610843,10,2
Lang,16,0.4571138211382114,0.256831088016586,164,1
Lang,17,0.4785185185185185,0.2682890198186339,45,1
Lang,19,0.646875,0.2185805994325111,32,2
Lang,20,0.6447293447293447,0.22191928084029594,585,2
Lang,21,0.5278735632183909,0.3199076080966143,116,1
Lang,22,0.6773333333333335,0.22958633464880104,25,2
Lang,23,0.5125,0.29834312576235966,8,1
Lang,24,0.44090909090909086,0.2941240842170196,110,1
Lang,26,0.5483870967741936,0.29036720842400476,93,1
Lang,27,0.44636363636363635,0.30511550074443666,110,1
Lang,28,0.37833333333333335,0.2828223925843327,20,1
Lang,29,0.4574568288854003,0.2588973429087303,637,1
Lang,30,0.9162084765177548,0.08137691500782117,582,10
Lang,31,0.5790426152948045,0.25150956428898824,571,2
Lang,32,0.5696296296296297,0.28576163730144033,45,1
Lang,33,0.46026143790849666,0.29792662428531325,255,1
Lang,34,0.9621256038647343,0.028181588543763837,345,27
Lang,35,0.49920535340861566,0.2746697672850757,797,1
Lang,36,0.6163636363636364,0.2734488885895249,110,2
Lang,37,0.5293819655521783,0.30335731785565345,658,1
Lang,38,0.5033898305084745,0.29989084913012937,59,1
Lang,39,0.5096239643084768,0.2911308884483132,523,1
Lang,40,0.571188630490956,0.2699144997042419,516,1
Lang,41,0.7333333333333331,0.21104004266465626,241,2
Lang,42,0.5296296296296297,0.28603520632166096,54,1
Lang,43,0.5285714285714286,0.3125343049432522,7,1
Lang,44,0.4966666666666668,0.2572008920096793,20,1
Lang,45,0.4861788617886179,0.31108869022588803,82,1
Lang,46,0.5375478927203066,0.2960774617353089,87,1
Lang,47,0.6563607085346216,0.2502817520742909,207,2
Lang,49,0.48666666666666664,0.3045101587494401,25,1
Lang,50,0.6809523809523808,0.2112038925138349,35,2
Lang,51,0.49508771929824574,0.31439706128870476,190,1
Lang,52,0.6360360360360361,0.29186089660891995,74,1
Lang,53,0.4817204301075269,0.30161969421647444,31,1
Lang,54,0.4833333333333333,0.24579802006254375,12,1
Lang,55,0.5111111111111112,0.30851061487272097,6,1
Lang,56,0.5343434343434342,0.26700526301322874,33,1
Lang,57,0.9545454545454543,2.2584051416334807e-16,11,11
Lang,58,0.5364532019704434,0.2969381005521584,203,1
Lang,59,0.4636363636363637,0.29009333401077825,187,1
Lang,60,0.42795698924731185,0.24830670746142444,186,1
Lang,61,0.6228828828828828,0.24182431054490008,185,2
Lang,62,0.5134751773049645,0.29784526306724163,47,1
Lang,63,0.4708333333333333,0.26183378787174194,16,1
Lang,64,0.5622222222222223,0.30025957267570536,75,1
Lang,65,0.5055555555555555,0.2936536043298083,30,1
Math,1,0.6848484848484849,0.20910475259191547,308,2
Math,2,0.5366666666666667,0.27131014614698595,10,1
Math,3,0.5068635493573969,0.23435643338427642,1219,1
Math,4,0.6224358974358974,0.2432381472961731,52,2
Math,5,0.49799635701275047,0.3071309932256146,183,1
Math,6,0.9759729272419629,0.02276698806777351,197,26
Math,7,0.5107438016528927,0.2909582298714484,121,1
Math,8,0.48030303030303034,0.34677468704559106,22,1
Math,9,0.4876190476190476,0.3072369733985954,35,1
Math,10,0.4676767676767676,0.27325512987070233,330,1
Math,11,0.4433333333333334,0.30842573949268437,10,1
Math,12,,,488,0
Math,13,0.582758620689655,0.22896342204963757,58,1
Math,14,0.5174863387978142,0.30861899715955016,61,1
Math,15,0.5021603529590749,0.3244824259867032,2191,1
Math,16,0.7044769301050705,0.2436440542524537,2189,2
Math,17,0.4215909090909092,0.2960056350699434,88,1
Math,18,0.44743589743589746,0.22306625176463732,26,1
Math,19,0.4466666666666667,0.2791777746975168,25,1
Math,20,0.5416666666666666,0.29680409770384425,24,1
Math,21,0.6564102564102563,0.2698804842022625,13,2
Math,22,,,63,0
Math,23,0.5137254901960785,0.2804888318755392,17,1
Math,24,0.5854166666666667,0.26553729958569733,16,1
Math,25,0.5523809523809523,0.25851667311635074,7,1
Math,26,0.5428794992175273,0.29166082100074203,213,1
Math,27,0.5164319248826292,0.2853567157950396,213,1
Math,28,0.4551282051282052,0.34153017729177637,26,1
Math,29,,,4,0
Math,30,0.4777777777777778,0.2894483236368698,3,1
Math,31,0.6582554517133957,0.18925972991901321,214,2
Math,32,0.5492753623188407,0.3101257776411741,23,1
Math,33,0.5476190476190477,0.3052270606071143,28,1
Math,34,0.47500000000000003,0.33375512107368766,24,1
Math,35,0.8083333333333333,0.13909945723773123,12,4
Math,36,0.6205992509363296,0.25459882723225935,89,2
Math,37,0.8372659176029962,0.157439840435245,178,4
Math,38,0.5157894736842105,0.27265967663828694,19,1
Math,39,0.5344086021505376,0.2833637435934141,62,1
Math,40,0.625514403292181,0.2756973954326074,81,1
Math,41,,,151,0
Math,42,0.5703703703703703,0.31642216068980045,27,1
Math,43,0.718867924528302,0.22617640856358548,53,3
Math,44,0.4289855072463767,0.24537793221436963,115,1
Math,45,0.503551912568306,0.2869255312818808,366,1
Math,46,0.7026763990267642,0.23253356429633584,137,2
Math,47,0.7026763990267642,0.23253356429633584,137,2
Math,48,0.475,0.31894221722913146,4,1
Math,49,0.5219047619047619,0.2821136003620984,35,1
Math,50,0.475,0.31894221722913146,4,1
Math,51,0.475,0.31894221722913146,4,1
Math,52,0.511904761904762,0.3390858023092437,28,1
Math,53,0.515686274509804,0.28821525725755337,119,1
Math,54,0.4890625,0.248933609242193,64,1
Math,55,0.41041666666666665,0.3038105841619916,32,1
Math,56,0.48000000000000004,0.2845444029345496,5,1
Math,57,0.5222222222222223,0.2616384175883003,3,1
Math,58,0.49166666666666664,0.26196236678041257,8,1
Math,59,0.5741958541815584,0.2909418232220268,1399,1
Math,60,0.4452380952380952,0.32755966162803657,14,1
Math,61,0.44444444444444453,0.2665349291456217,6,1
Math,62,0.45,0.24913643956121992,2,1
Math,63,0.5495750708215297,0.24193591659232122,706,1
Math,64,0.7093567251461989,0.21142846297299528,57,2
Math,65,0.43376623376623386,0.28279562046802925,77,1
Math,66,0.8300000000000002,0.1447947417601182,10,4
Math,67,0.45,0.24913643956121992,2,1
Math,68,0.6371212121212121,0.2342756015279106,44,2
Math,69,0.4822222222222223,0.24064621388134877,15,1
Math,70,0.4479166666666667,0.3284028312000825,16,1
Math,71,0.7449999999999999,0.22346796422414278,100,2
Math,72,0.5069288389513108,0.2774092945248881,178,1
Math,73,0.43239700374531825,0.24781424960114898,178,1
Math,74,,,48,0
Math,75,0.49166666666666664,0.2514683888179837,8,1
Math,76,0.6490196078431371,0.21334397221215,17,2
Math,77,0.7380264741275571,0.18670526140785784,277,2
Math,78,,,101,0
Math,79,0.6092453773113443,0.2941324630927176,667,1
Math,80,0.5333333333333333,0.3041285031780084,36,1
Math,81,0.48095238095238096,0.28594407836359903,35,1
Math,82,0.5047619047619047,0.27420368573636117,14,1
Math,83,0.5254901960784314,0.2855479029864729,17,1
Math,84,0.7266666666666665,0.19464084224865133,5,2
Math,85,0.4461187214611873,0.2959081970662789,73,1
Math,86,0.7194444444444444,0.21300321680756457,12,2
Math,87,0.475,0.32881956455552147,16,1
Math,88,0.48666666666666664,0.31967416361230394,15,1
Math,89,0.4809523809523809,0.31102955713137,7,1
Math,90,0.4809523809523809,0.31102955713137,7,1
Math,91,0.44677419354838716,0.27251662832394347,62,1
Math,92,0.473557278208441,0.25369568354927485,387,1
Math,93,0.4952504317789292,0.297887711522295,386,1
Math,94,0.5653713298791019,0.27007602957661736,386,1
Math,95,0.5210526315789473,0.3033232055836861,19,1
Math,96,0.4056105610561057,0.298706243054861,101,1
Math,97,0.48939393939393927,0.2419090659736567,110,1
Math,98,0.6192090395480226,0.2647980303482457,118,2
Math,99,0.5985833333333331,0.2438466283566774,400,2
Math,100,0.4479166666666667,0.2610122499730909,48,1
Math,102,0.8333333333333331,0.15929487067913647,17,4
Math,103,0.5361111111111111,0.26346255135073776,12,1
Math,104,0.44601449275362326,0.2812754465718375,92,1
Math,105,0.3925925925925926,0.2666081246936955,9,1
Math,106,0.46875,0.2949831964822684,16,1
Mockito,1,0.9391320204230488,0.0519765992998292,914,19
Mockito,2,0.7206896551724139,0.18327278312549514,29,3
Mockito,3,0.869989047097481,0.12297172945007685,913,8
Mockito,4,0.8250132065504491,0.1694525980814592,1262,4
Mockito,5,,,25,0
Mockito,6,0.8452472703917789,0.10631396203026788,1038,5
Mockito,7,0.5151515151515151,0.268188680995377,44,1
Mockito,8,0.4395348837209302,0.2960989785506674,43,1
Mockito,9,0.7305239898989899,0.2322249149056386,1056,3
Mockito,10,0.4897906602254428,0.3339119795152337,1035,1
Mockito,11,0.6159454191033138,0.25990818802937127,855,2
Mockito,12,0.921666666666667,0.06939806880614896,20,10
Mockito,13,0.5217765042979943,0.30572059552807335,698,1
Mockito,14,0.5077665219488664,0.2877197212811407,691,1
Mockito,15,0.46086956521739125,0.23796225500839963,23,1
Mockito,18,0.5037421383647799,0.26131902051259487,1060,1
Mockito,19,0.4708186101295642,0.2803515210880584,1132,1
Mockito,20,0.8963906581740975,0.09148981297748875,1256,8
Mockito,21,0.6254901960784315,0.3022144469881297,17,1
Mockito,22,,,530,0
Mockito,23,0.4670311464546057,0.32117953838975566,1006,1
Mockito,24,0.6970539556438266,0.2607530171508224,1007,2
Mockito,25,0.7784913353720693,0.15313055908293396,981,5
Mockito,26,0.7141329614132962,0.24465752410945013,717,2
Mockito,27,0.49897632757517596,0.29734085646383684,1042,1
Mockito,28,0.46321839080459776,0.2952371567862851,29,1
Mockito,29,0.5943262411347517,0.21230201312911398,47,1
Mockito,30,0.48839190628328016,0.2548709375542954,939,1
Mockito,31,0.4963063063063062,0.28861194431854614,740,1
Mockito,32,0.3570540935672515,0.22108931577916507,912,1
Mockito,33,0.7457231726283049,0.2059691202373277,643,2
Time,2,0.5339399983379042,0.28939226228336473,4011,1
Time,3,0.8565416985462893,0.13880662503069288,1307,5
Time,4,0.5378354978354979,0.30167573799074965,770,1
Time,5,0.8021538461538462,0.1643103873032022,1950,3
Time,6,0.827037176117161,0.14308150628643462,2663,5
Time,7,0.6481563694660255,0.30979853944066116,2703,2
Time,8,0.4179831223628692,0.2758657222756911,3950,1
Time,9,0.4179831223628692,0.2758657222756911,3950,1
Time,10,0.7098831985624438,0.21092158170051242,371,2
Time,11,0.4875,0.32760889213648725,8,1
Time,12,0.8869772998805256,0.1010797574045866,1674,8
Time,13,0.4567558299039781,0.2965535997348483,972,1
Time,14,0.8700799587309774,0.09668932629737571,3877,8
Time,15,0.472591575091575,0.29984975991296603,3640,1
Time,16,0.867411402157165,0.10171383930249991,2596,7
Time,17,0.5595774040534713,0.3146577007336607,3865,1
Time,18,0.5975124378109452,0.2996981747070503,2546,1
Time,19,0.5010987109611559,0.2884860535158894,3853,1
Time,20,0.560069848661234,0.2970634332111295,2577,1
Time,22,0.6533155555555555,0.216095213109849,1875,2
Time,23,0.5424409448818897,0.32171938157031404,3810,1
Time,24,0.8938021836865765,0.09721182463701106,1038,7
Time,25,0.7822784810126583,0.21667141737699022,3792,3
Time,26,0.8962249208025344,0.07215267812267885,3788,8
Time,27,0.48497970230040593,0.2967594416583679,739,1
