project,bug,History-based,Random,Random Forest,best_strategy,worst_strategy
Chart,19,0.4495,0.6818,0.5096,Random,History-based
Chart,20,0.9071,0.6099,0.9814,Random Forest,Random
Chart,21,0.2059,0.4608,0.2059,Random,History-based / Random Forest
Chart,22,0.3235,0.8477,0.3235,Random,History-based / Random Forest
Chart,23,0.5,0.58,0.5,Random,History-based / Random Forest
Chart,24,0.3667,0.4867,0.3667,Random,History-based / Random Forest
Chart,25,0.8333,0.837,0.8333,Random,History-based / Random Forest
Chart,26,0.9549,0.9568,0.9936,Random Forest,History-based
Compress,33,0.5357,0.5548,0.5357,Random,History-based / Random Forest
Compress,34,0.3253,0.5847,0.7226,Random Forest,History-based
Compress,35,0.6971,0.5796,0.4343,History-based,Random Forest
Compress,37,0.8367,0.5377,0.9512,Random Forest,Random
Compress,38,0.7817,0.5066,0.877,Random Forest,Random
Compress,39,0.8097,0.5303,0.9387,Random Forest,Random
Compress,40,0.9062,0.7236,0.9896,Random Forest,Random
Compress,41,0.3863,0.6166,0.9147,Random Forest,History-based
Compress,42,0.8506,0.5372,0.3628,History-based,Random Forest
Compress,44,0.4677,0.7882,0.9839,Random Forest,History-based
Compress,45,0.2107,0.4752,0.675,Random Forest,History-based
Compress,46,0.4822,0.4888,0.7485,Random Forest,History-based
Compress,47,0.8422,0.4272,0.9511,Random Forest,Random
Lang,47,0.3406,0.6564,0.3406,Random,History-based / Random Forest
Lang,49,0.18,0.4867,0.18,Random,History-based / Random Forest
Lang,50,0.1857,0.681,0.1857,Random,History-based / Random Forest
Lang,51,0.0974,0.4951,0.6868,Random Forest,History-based
Lang,52,0.6284,0.636,0.6284,Random,History-based / Random Forest
Lang,53,0.2097,0.4817,0.2097,Random,History-based / Random Forest
Lang,54,0.5417,0.4833,0.5417,History-based / Random Forest,Random
Lang,55,0.75,0.5111,0.75,History-based / Random Forest,Random
Lang,56,0.4394,0.5343,0.4394,Random,History-based / Random Forest
Lang,57,0.9545,0.9545,0.9545,Random / History-based / Random Forest,Random / History-based / Random Forest
Lang,58,0.5739,0.5365,0.766,Random Forest,Random
Lang,59,0.3717,0.4636,0.3717,Random,History-based / Random Forest
Lang,60,0.3737,0.428,0.3737,Random,History-based / Random Forest
Lang,61,0.4351,0.6229,0.4351,Random,History-based / Random Forest
Lang,62,0.3085,0.5135,0.3085,Random,History-based / Random Forest
Lang,63,0.3438,0.4708,0.3438,Random,History-based / Random Forest
Lang,64,0.78,0.5622,0.78,History-based / Random Forest,Random
Lang,65,0.05,0.5056,0.05,Random,History-based / Random Forest
Math,75,0.3125,0.4917,0.3125,Random,History-based / Random Forest
Math,76,0.6176,0.649,0.6176,Random,History-based / Random Forest
Math,77,0.9296,0.738,0.7455,History-based,Random
Math,79,0.3561,0.6092,0.3261,Random,Random Forest
Math,80,0.4583,0.5333,0.4583,Random,History-based / Random Forest
Math,81,0.4714,0.481,0.4714,Random,History-based / Random Forest
Math,82,0.6071,0.5048,0.6071,History-based / Random Forest,Random
Math,83,0.6765,0.5255,0.6765,History-based / Random Forest,Random
Math,84,0.7,0.7267,0.7,Random,History-based / Random Forest
Math,85,0.5959,0.4461,0.3356,History-based,Random Forest
Math,86,0.5417,0.7194,0.5417,Random,History-based / Random Forest
Math,87,0.3438,0.475,0.3438,Random,History-based / Random Forest
Math,88,0.7,0.4867,0.7,History-based / Random Forest,Random
Math,89,0.6429,0.481,0.6429,History-based / Random Forest,Random
Math,90,0.9286,0.481,0.9286,History-based / Random Forest,Random
Math,91,0.8468,0.4468,0.9597,Random Forest,Random
Math,92,0.885,0.4736,0.9806,Random Forest,Random
Math,93,0.6749,0.4953,0.9728,Random Forest,Random
Math,94,0.649,0.5654,0.9676,Random Forest,Random
Math,95,0.1842,0.5211,0.7632,Random Forest,History-based
Math,96,0.4703,0.4056,0.5099,Random Forest,Random
Math,97,0.2682,0.4894,0.8682,Random Forest,History-based
Math,98,0.5297,0.6192,0.2669,Random,Random Forest
Math,99,0.9862,0.5986,0.9912,Random Forest,Random
Math,100,0.9896,0.4479,0.9896,History-based / Random Forest,Random
Math,102,0.9706,0.8333,0.9706,History-based / Random Forest,Random
Math,103,0.9583,0.5361,0.9583,History-based / Random Forest,Random
Math,104,0.1685,0.446,0.6685,Random Forest,History-based
Math,105,0.0556,0.3926,0.0556,Random,History-based / Random Forest
Math,106,0.1562,0.4688,0.1562,Random,History-based / Random Forest
Mockito,25,0.9516,0.7785,0.9985,Random Forest,Random
Mockito,26,0.1053,0.7141,0.1499,Random,History-based
Mockito,27,0.9352,0.499,0.9448,Random Forest,Random
Mockito,28,0.8793,0.4632,0.9138,Random Forest,Random
Mockito,29,0.1383,0.5943,0.1383,Random,History-based / Random Forest
Mockito,30,0.3807,0.4884,0.0154,Random,Random Forest
Mockito,31,0.3655,0.4963,0.9993,Random Forest,History-based
Mockito,32,0.3909,0.3571,0.4194,Random Forest,Random
Mockito,33,0.1687,0.7457,0.2092,Random,History-based
Time,19,0.7891,0.5011,0.8013,Random Forest,Random
Time,20,0.0087,0.5601,0.89,Random Forest,History-based
Time,22,0.8339,0.6533,0.8339,History-based / Random Forest,Random
Time,23,0.724,0.5424,0.7631,Random Forest,Random
Time,24,0.2895,0.8938,0.9022,Random Forest,History-based
Time,25,0.1286,0.7823,0.3013,Random,History-based
Time,26,0.9753,0.8962,0.8248,History-based,Random Forest
Time,27,0.9899,0.485,0.9993,Random Forest,Random
